delegation,governorate,property_type,forecast_generated_date,forecast_3m_pct,forecast_6m_pct,forecast_12m_pct,forecast_direction,forecast_confidence,trend_volatility_score,forecast_reliability
Ariana Ville,Ariana,apartment,2026-01-01,-2.0,-4.0,-8.0,DOWN,medium,25.0,0.6
Ariana Ville,Ariana,house,2026-01-01,-2.0,-4.0,-8.0,DOWN,medium,25.0,0.6
Ariana Ville,Ariana,commercial,2026-01-01,-1.25,-2.5,-5.0,DOWN,medium,25.0,0.6
Ariana Ville,Ariana,land,2026-01-01,-2.0,-4.0,-8.0,DOWN,medium,25.0,0.6
Ettadhamen,Ariana,apartment,2026-01-01,-2.5,-5.0,-10.0,DOWN,medium,25.0,0.6
Ettadhamen,Ariana,house,2026-01-01,-2.5,-5.0,-10.0,DOWN,medium,25.0,0.6
Ettadhamen,Ariana,commercial,2026-01-01,-2.0,-4.0,-8.0,DOWN,medium,25.0,0.6
Ettadhamen,Ariana,land,2026-01-01,-3.0,-6.0,-12.0,DOWN,medium,25.0,0.6
Kalâat el-Andalous,Ariana,apartment,2026-01-01,-1.25,-2.5,-5.0,DOWN,medium,25.0,0.6
Kalâat el-Andalous,Ariana,house,2026-01-01,-1.25,-2.5,-5.0,DOWN,medium,25.0,0.6
Kalâat el-Andalous,Ariana,commercial,2026-01-01,0.0,0.0,0.0,UP,medium,25.0,0.6
Kalâat el-Andalous,Ariana,land,2026-01-01,0.5,1.0,2.0,UP,medium,25.0,0.6
La Soukra,Ariana,apartment,2026-01-01,-0.25,-0.5,-1.0,DOWN,medium,25.0,0.6
La Soukra,Ariana,house,2026-01-01,-0.25,-0.5,-1.0,DOWN,medium,25.0,0.6
La Soukra,Ariana,commercial,2026-01-01,0.0,0.0,0.0,UP,medium,25.0,0.6
La Soukra,Ariana,land,2026-01-01,-0.25,-0.5,-1.0,DOWN,medium,25.0,0.6
Mnihla,Ariana,apartment,2026-01-01,-3.75,-7.5,-15.0,DOWN,medium,25.0,0.6
Mnihla,Ariana,house,2026-01-01,-3.75,-7.5,-15.0,DOWN,medium,25.0,0.6
Mnihla,Ariana,commercial,2026-01-01,-3.75,-7.5,-15.0,DOWN,medium,25.0,0.6
Mnihla,Ariana,land,2026-01-01,-3.0,-6.0,-12.0,DOWN,medium,25.0,0.6
Raoued,Ariana,apartment,2026-01-01,-6.0,-12.0,-24.0,DOWN,medium,25.0,0.6
Raoued,Ariana,house,2026-01-01,-6.0,-12.0,-24.0,DOWN,medium,25.0,0.6
Raoued,Ariana,commercial,2026-01-01,-5.0,-10.0,-20.0,DOWN,medium,25.0,0.6
Raoued,Ariana,land,2026-01-01,-6.0,-12.0,-24.0,DOWN,medium,25.0,0.6
Sidi Thabet,Ariana,apartment,2026-01-01,-2.0,-4.0,-8.0,DOWN,medium,25.0,0.6
Sidi Thabet,Ariana,house,2026-01-01,-2.0,-4.0,-8.0,DOWN,medium,25.0,0.6
Sidi Thabet,Ariana,commercial,2026-01-01,-1.25,-2.5,-5.0,DOWN,medium,25.0,0.6
Sidi Thabet,Ariana,land,2026-01-01,-0.75,-1.5,-3.0,DOWN,medium,25.0,0.6
Ben Arous,Ben Arous,apartment,2026-01-01,0.0,0.0,0.0,UP,medium,25.0,0.6
Ben Arous,Ben Arous,house,2026-01-01,6.0,12.0,24.0,UP,medium,25.0,0.6
Ben Arous,Ben Arous,commercial,2026-01-01,0.25,0.5,1.0,UP,medium,25.0,0.6
Ben Arous,Ben Arous,land,2026-01-01,0.0,0.0,0.0,UP,medium,25.0,0.6
Bou Mhel el-Bassatine,Ben Arous,apartment,2026-01-01,0.0,0.0,0.0,UP,medium,25.0,0.6
Bou Mhel el-Bassatine,Ben Arous,house,2026-01-01,0.25,0.5,1.0,UP,medium,25.0,0.6
Bou Mhel el-Bassatine,Ben Arous,commercial,2026-01-01,0.25,0.5,1.0,UP,medium,25.0,0.6
Bou Mhel el-Bassatine,Ben Arous,land,2026-01-01,0.0,0.0,0.0,UP,medium,25.0,0.6
El Mourouj,Ben Arous,apartment,2026-01-01,0.0,0.0,0.0,UP,medium,25.0,0.6
El Mourouj,Ben Arous,house,2026-01-01,0.25,0.5,1.0,UP,medium,25.0,0.6
El Mourouj,Ben Arous,commercial,2026-01-01,0.0,0.0,0.0,UP,medium,25.0,0.6
El Mourouj,Ben Arous,land,2026-01-01,0.0,0.0,0.0,UP,medium,25.0,0.6
Ezzahra,Ben Arous,apartment,2026-01-01,0.25,0.5,1.0,UP,medium,25.0,0.6
Ezzahra,Ben Arous,house,2026-01-01,0.25,0.5,1.0,UP,medium,25.0,0.6
Ezzahra,Ben Arous,commercial,2026-01-01,0.5,1.0,2.0,UP,medium,25.0,0.6
Ezzahra,Ben Arous,land,2026-01-01,0.25,0.5,1.0,UP,medium,25.0,0.6
Fouchana,Ben Arous,apartment,2026-01-01,0.0,0.0,0.0,UP,medium,25.0,0.6
Fouchana,Ben Arous,house,2026-01-01,-0.25,-0.5,-1.0,DOWN,medium,25.0,0.6
Fouchana,Ben Arous,commercial,2026-01-01,0.5,1.0,2.0,UP,medium,25.0,0.6
Fouchana,Ben Arous,land,2026-01-01,0.0,0.0,0.0,UP,medium,25.0,0.6
Hammam Chott,Ben Arous,apartment,2026-01-01,0.0,0.0,0.0,UP,medium,25.0,0.6
Hammam Chott,Ben Arous,house,2026-01-01,0.0,0.0,0.0,UP,medium,25.0,0.6
Hammam Chott,Ben Arous,commercial,2026-01-01,0.0,0.0,0.0,UP,medium,25.0,0.6
Hammam Chott,Ben Arous,land,2026-01-01,0.0,0.0,0.0,UP,medium,25.0,0.6
Hammam Lif,Ben Arous,apartment,2026-01-01,-0.25,-0.5,-1.0,DOWN,medium,25.0,0.6
Hammam Lif,Ben Arous,house,2026-01-01,0.0,0.0,0.0,UP,medium,25.0,0.6
Hammam Lif,Ben Arous,commercial,2026-01-01,0.0,0.0,0.0,UP,medium,25.0,0.6
Hammam Lif,Ben Arous,land,2026-01-01,-0.5,-1.0,-2.0,DOWN,medium,25.0,0.6
Medina Jedida,Ben Arous,apartment,2026-01-01,0.0,0.0,0.0,UP,medium,25.0,0.6
Medina Jedida,Ben Arous,house,2026-01-01,0.25,0.5,1.0,UP,medium,25.0,0.6
Medina Jedida,Ben Arous,commercial,2026-01-01,0.25,0.5,1.0,UP,medium,25.0,0.6
Medina Jedida,Ben Arous,land,2026-01-01,0.0,0.0,0.0,UP,medium,25.0,0.6
Mohamedia,Ben Arous,apartment,2026-01-01,-0.5,-1.0,-2.0,DOWN,medium,25.0,0.6
Mohamedia,Ben Arous,house,2026-01-01,-0.25,-0.5,-1.0,DOWN,medium,25.0,0.6
Mohamedia,Ben Arous,commercial,2026-01-01,0.0,0.0,0.0,UP,medium,25.0,0.6
Mohamedia,Ben Arous,land,2026-01-01,-0.5,-1.0,-2.0,DOWN,medium,25.0,0.6
Mornag,Ben Arous,apartment,2026-01-01,0.0,0.0,0.0,UP,medium,25.0,0.6
Mornag,Ben Arous,house,2026-01-01,0.25,0.5,1.0,UP,medium,25.0,0.6
Mornag,Ben Arous,commercial,2026-01-01,0.0,0.0,0.0,UP,medium,25.0,0.6
Mornag,Ben Arous,land,2026-01-01,0.0,0.0,0.0,UP,medium,25.0,0.6
Mégrine,Ben Arous,apartment,2026-01-01,0.0,0.0,0.0,UP,medium,25.0,0.6
Mégrine,Ben Arous,house,2026-01-01,0.25,0.5,1.0,UP,medium,25.0,0.6
Mégrine,Ben Arous,commercial,2026-01-01,0.0,0.0,0.0,UP,medium,25.0,0.6
Mégrine,Ben Arous,land,2026-01-01,0.0,0.0,0.0,UP,medium,25.0,0.6
Radès,Ben Arous,apartment,2026-01-01,0.0,0.0,0.0,UP,medium,25.0,0.6
Radès,Ben Arous,house,2026-01-01,0.25,0.5,1.0,UP,medium,25.0,0.6
Radès,Ben Arous,commercial,2026-01-01,0.0,0.0,0.0,UP,medium,25.0,0.6
Radès,Ben Arous,land,2026-01-01,0.0,0.0,0.0,UP,medium,25.0,0.6
Bizerte Nord,Bizerte,apartment,2026-01-01,0.0,0.0,0.0,UP,medium,25.0,0.6
Bizerte Nord,Bizerte,house,2026-01-01,0.0,0.0,0.0,UP,medium,25.0,0.6
Bizerte Nord,Bizerte,commercial,2026-01-01,0.25,0.5,1.0,UP,medium,25.0,0.6
Bizerte Nord,Bizerte,land,2026-01-01,0.25,0.5,1.0,UP,medium,25.0,0.6
Bizerte Sud,Bizerte,apartment,2026-01-01,0.0,0.0,0.0,UP,medium,25.0,0.6
Bizerte Sud,Bizerte,house,2026-01-01,0.0,0.0,0.0,UP,medium,25.0,0.6
Bizerte Sud,Bizerte,commercial,2026-01-01,0.0,0.0,0.0,UP,medium,25.0,0.6
Bizerte Sud,Bizerte,land,2026-01-01,0.0,0.0,0.0,UP,medium,25.0,0.6
El Alia,Bizerte,apartment,2026-01-01,0.0,0.0,0.0,UP,medium,25.0,0.6
El Alia,Bizerte,house,2026-01-01,0.0,0.0,0.0,UP,medium,25.0,0.6
El Alia,Bizerte,commercial,2026-01-01,0.0,0.0,0.0,UP,medium,25.0,0.6
El Alia,Bizerte,land,2026-01-01,0.0,0.0,0.0,UP,medium,25.0,0.6
Ghar El Melh,Bizerte,apartment,2026-01-01,0.0,0.0,0.0,UP,medium,25.0,0.6
Ghar El Melh,Bizerte,house,2026-01-01,0.0,0.0,0.0,UP,medium,25.0,0.6
Ghar El Melh,Bizerte,commercial,2026-01-01,0.0,0.0,0.0,UP,medium,25.0,0.6
Ghar El Melh,Bizerte,land,2026-01-01,0.0,0.0,0.0,UP,medium,25.0,0.6
Ghezala,Bizerte,apartment,2026-01-01,0.0,0.0,0.0,UP,medium,25.0,0.6
Ghezala,Bizerte,house,2026-01-01,0.0,0.0,0.0,UP,medium,25.0,0.6
Ghezala,Bizerte,commercial,2026-01-01,0.0,0.0,0.0,UP,medium,25.0,0.6
Ghezala,Bizerte,land,2026-01-01,0.0,0.0,0.0,UP,medium,25.0,0.6
Joumine,Bizerte,apartment,2026-01-01,0.0,0.0,0.0,UP,medium,25.0,0.6
Joumine,Bizerte,house,2026-01-01,0.0,0.0,0.0,UP,medium,25.0,0.6
Joumine,Bizerte,commercial,2026-01-01,0.0,0.0,0.0,UP,medium,25.0,0.6
Joumine,Bizerte,land,2026-01-01,0.0,0.0,0.0,UP,medium,25.0,0.6
Mateur,Bizerte,apartment,2026-01-01,0.0,0.0,0.0,UP,medium,25.0,0.6
Mateur,Bizerte,house,2026-01-01,0.0,0.0,0.0,UP,medium,25.0,0.6
Mateur,Bizerte,commercial,2026-01-01,0.0,0.0,0.0,UP,medium,25.0,0.6
Mateur,Bizerte,land,2026-01-01,-0.25,-0.5,-1.0,DOWN,medium,25.0,0.6
Menzel Bourguiba,Bizerte,apartment,2026-01-01,0.0,0.0,0.0,UP,medium,25.0,0.6
Menzel Bourguiba,Bizerte,house,2026-01-01,0.0,0.0,0.0,UP,medium,25.0,0.6
Menzel Bourguiba,Bizerte,commercial,2026-01-01,0.25,0.5,1.0,UP,medium,25.0,0.6
Menzel Bourguiba,Bizerte,land,2026-01-01,0.0,0.0,0.0,UP,medium,25.0,0.6
Menzel Jemil,Bizerte,apartment,2026-01-01,0.0,0.0,0.0,UP,medium,25.0,0.6
Menzel Jemil,Bizerte,house,2026-01-01,0.0,0.0,0.0,UP,medium,25.0,0.6
Menzel Jemil,Bizerte,commercial,2026-01-01,0.0,0.0,0.0,UP,medium,25.0,0.6
Menzel Jemil,Bizerte,land,2026-01-01,0.0,0.0,0.0,UP,medium,25.0,0.6
Ras Jebel,Bizerte,apartment,2026-01-01,0.0,0.0,0.0,UP,medium,25.0,0.6
Ras Jebel,Bizerte,house,2026-01-01,0.0,0.0,0.0,UP,medium,25.0,0.6
Ras Jebel,Bizerte,commercial,2026-01-01,0.0,0.0,0.0,UP,medium,25.0,0.6
Ras Jebel,Bizerte,land,2026-01-01,0.0,0.0,0.0,UP,medium,25.0,0.6
Sejnane,Bizerte,apartment,2026-01-01,0.0,0.0,0.0,UP,medium,25.0,0.6
Sejnane,Bizerte,house,2026-01-01,0.0,0.0,0.0,UP,medium,25.0,0.6
Sejnane,Bizerte,commercial,2026-01-01,0.0,0.0,0.0,UP,medium,25.0,0.6
Sejnane,Bizerte,land,2026-01-01,0.0,0.0,0.0,UP,medium,25.0,0.6
Tinja,Bizerte,apartment,2026-01-01,0.0,0.0,0.0,UP,medium,25.0,0.6
Tinja,Bizerte,house,2026-01-01,0.0,0.0,0.0,UP,medium,25.0,0.6
Tinja,Bizerte,commercial,2026-01-01,0.0,0.0,0.0,UP,medium,25.0,0.6
Tinja,Bizerte,land,2026-01-01,0.0,0.0,0.0,UP,medium,25.0,0.6
Utique,Bizerte,apartment,2026-01-01,0.0,0.0,0.0,UP,medium,25.0,0.6
Utique,Bizerte,house,2026-01-01,0.0,0.0,0.0,UP,medium,25.0,0.6
Utique,Bizerte,commercial,2026-01-01,0.0,0.0,0.0,UP,medium,25.0,0.6
Utique,Bizerte,land,2026-01-01,0.0,0.0,0.0,UP,medium,25.0,0.6
Zarzouna,Bizerte,apartment,2026-01-01,0.0,0.0,0.0,UP,medium,25.0,0.6
Zarzouna,Bizerte,house,2026-01-01,0.0,0.0,0.0,UP,medium,25.0,0.6
Zarzouna,Bizerte,commercial,2026-01-01,0.25,0.5,1.0,UP,medium,25.0,0.6
Zarzouna,Bizerte,land,2026-01-01,0.0,0.0,0.0,UP,medium,25.0,0.6
Amdoun,Béja,apartment,2026-01-01,0.0,0.0,0.0,UP,medium,25.0,0.6
Amdoun,Béja,house,2026-01-01,-0.25,-0.5,-1.0,DOWN,medium,25.0,0.6
Amdoun,Béja,commercial,2026-01-01,0.0,0.0,0.0,UP,medium,25.0,0.6
Amdoun,Béja,land,2026-01-01,0.0,0.0,0.0,UP,medium,25.0,0.6
Béja Nord,Béja,apartment,2026-01-01,0.0,0.0,0.0,UP,medium,25.0,0.6
Béja Nord,Béja,house,2026-01-01,0.0,0.0,0.0,UP,medium,25.0,0.6
Béja Nord,Béja,commercial,2026-01-01,0.25,0.5,1.0,UP,medium,25.0,0.6
Béja Nord,Béja,land,2026-01-01,0.0,0.0,0.0,UP,medium,25.0,0.6
Béja Sud,Béja,apartment,2026-01-01,0.0,0.0,0.0,UP,medium,25.0,0.6
Béja Sud,Béja,house,2026-01-01,-0.25,-0.5,-1.0,DOWN,medium,25.0,0.6
Béja Sud,Béja,commercial,2026-01-01,0.0,0.0,0.0,UP,medium,25.0,0.6
Béja Sud,Béja,land,2026-01-01,0.0,0.0,0.0,UP,medium,25.0,0.6
Goubellat,Béja,apartment,2026-01-01,0.0,0.0,0.0,UP,medium,25.0,0.6
Goubellat,Béja,house,2026-01-01,-0.25,-0.5,-1.0,DOWN,medium,25.0,0.6
Goubellat,Béja,commercial,2026-01-01,0.0,0.0,0.0,UP,medium,25.0,0.6
Goubellat,Béja,land,2026-01-01,-0.25,-0.5,-1.0,DOWN,medium,25.0,0.6
Medjez el-Bab,Béja,apartment,2026-01-01,0.0,0.0,0.0,UP,medium,25.0,0.6
Medjez el-Bab,Béja,house,2026-01-01,0.0,0.0,0.0,UP,medium,25.0,0.6
Medjez el-Bab,Béja,commercial,2026-01-01,0.0,0.0,0.0,UP,medium,25.0,0.6
Medjez el-Bab,Béja,land,2026-01-01,-0.5,-1.0,-2.0,DOWN,medium,25.0,0.6
Nefza,Béja,apartment,2026-01-01,0.0,0.0,0.0,UP,medium,25.0,0.6
Nefza,Béja,house,2026-01-01,-0.25,-0.5,-1.0,DOWN,medium,25.0,0.6
Nefza,Béja,commercial,2026-01-01,0.0,0.0,0.0,UP,medium,25.0,0.6
Nefza,Béja,land,2026-01-01,0.0,0.0,0.0,UP,medium,25.0,0.6
Testour,Béja,apartment,2026-01-01,0.0,0.0,0.0,UP,medium,25.0,0.6
Testour,Béja,house,2026-01-01,-0.25,-0.5,-1.0,DOWN,medium,25.0,0.6
Testour,Béja,commercial,2026-01-01,0.0,0.0,0.0,UP,medium,25.0,0.6
Testour,Béja,land,2026-01-01,-0.5,-1.0,-2.0,DOWN,medium,25.0,0.6
Thibar,Béja,apartment,2026-01-01,0.0,0.0,0.0,UP,medium,25.0,0.6
Thibar,Béja,house,2026-01-01,-0.25,-0.5,-1.0,DOWN,medium,25.0,0.6
Thibar,Béja,commercial,2026-01-01,0.0,0.0,0.0,UP,medium,25.0,0.6
Thibar,Béja,land,2026-01-01,0.0,0.0,0.0,UP,medium,25.0,0.6
Téboursouk,Béja,apartment,2026-01-01,0.0,0.0,0.0,UP,medium,25.0,0.6
Téboursouk,Béja,house,2026-01-01,-0.25,-0.5,-1.0,DOWN,medium,25.0,0.6
Téboursouk,Béja,commercial,2026-01-01,0.0,0.0,0.0,UP,medium,25.0,0.6
Téboursouk,Béja,land,2026-01-01,-0.5,-1.0,-2.0,DOWN,medium,25.0,0.6
El Hamma,Gabès,apartment,2026-01-01,0.0,0.0,0.0,UP,medium,25.0,0.6
El Hamma,Gabès,house,2026-01-01,0.0,0.0,0.0,UP,medium,25.0,0.6
El Hamma,Gabès,commercial,2026-01-01,0.0,0.0,0.0,UP,medium,25.0,0.6
El Hamma,Gabès,land,2026-01-01,0.0,0.0,0.0,UP,medium,25.0,0.6
El Hamma Ouest,Gabès,apartment,2026-01-01,0.0,0.0,0.0,UP,medium,25.0,0.6
El Hamma Ouest,Gabès,house,2026-01-01,0.0,0.0,0.0,UP,medium,25.0,0.6
El Hamma Ouest,Gabès,commercial,2026-01-01,0.0,0.0,0.0,UP,medium,25.0,0.6
El Hamma Ouest,Gabès,land,2026-01-01,0.0,0.0,0.0,UP,medium,25.0,0.6
Gabès Médina,Gabès,apartment,2026-01-01,0.0,0.0,0.0,UP,medium,25.0,0.6
Gabès Médina,Gabès,house,2026-01-01,0.0,0.0,0.0,UP,medium,25.0,0.6
Gabès Médina,Gabès,commercial,2026-01-01,0.0,0.0,0.0,UP,medium,25.0,0.6
Gabès Médina,Gabès,land,2026-01-01,0.0,0.0,0.0,UP,medium,25.0,0.6
Gabès Ouest,Gabès,apartment,2026-01-01,0.0,0.0,0.0,UP,medium,25.0,0.6
Gabès Ouest,Gabès,house,2026-01-01,0.0,0.0,0.0,UP,medium,25.0,0.6
Gabès Ouest,Gabès,commercial,2026-01-01,0.0,0.0,0.0,UP,medium,25.0,0.6
Gabès Ouest,Gabès,land,2026-01-01,0.0,0.0,0.0,UP,medium,25.0,0.6
Gabès Sud,Gabès,apartment,2026-01-01,0.0,0.0,0.0,UP,medium,25.0,0.6
Gabès Sud,Gabès,house,2026-01-01,0.0,0.0,0.0,UP,medium,25.0,0.6
Gabès Sud,Gabès,commercial,2026-01-01,0.0,0.0,0.0,UP,medium,25.0,0.6
Gabès Sud,Gabès,land,2026-01-01,0.0,0.0,0.0,UP,medium,25.0,0.6
Ghannouch,Gabès,apartment,2026-01-01,0.0,0.0,0.0,UP,medium,25.0,0.6
Ghannouch,Gabès,house,2026-01-01,0.0,0.0,0.0,UP,medium,25.0,0.6
Ghannouch,Gabès,commercial,2026-01-01,0.0,0.0,0.0,UP,medium,25.0,0.6
Ghannouch,Gabès,land,2026-01-01,0.0,0.0,0.0,UP,medium,25.0,0.6
Mareth-Dkhila,Gabès,apartment,2026-01-01,0.0,0.0,0.0,UP,medium,25.0,0.6
Mareth-Dkhila,Gabès,house,2026-01-01,0.0,0.0,0.0,UP,medium,25.0,0.6
Mareth-Dkhila,Gabès,commercial,2026-01-01,0.0,0.0,0.0,UP,medium,25.0,0.6
Mareth-Dkhila,Gabès,land,2026-01-01,0.0,0.0,0.0,UP,medium,25.0,0.6
Matmata,Gabès,apartment,2026-01-01,0.0,0.0,0.0,UP,medium,25.0,0.6
Matmata,Gabès,house,2026-01-01,0.0,0.0,0.0,UP,medium,25.0,0.6
Matmata,Gabès,commercial,2026-01-01,0.0,0.0,0.0,UP,medium,25.0,0.6
Matmata,Gabès,land,2026-01-01,0.0,0.0,0.0,UP,medium,25.0,0.6
Menzel El Habib,Gabès,apartment,2026-01-01,0.0,0.0,0.0,UP,medium,25.0,0.6
Menzel El Habib,Gabès,house,2026-01-01,0.0,0.0,0.0,UP,medium,25.0,0.6
Menzel El Habib,Gabès,commercial,2026-01-01,0.0,0.0,0.0,UP,medium,25.0,0.6
Menzel El Habib,Gabès,land,2026-01-01,0.0,0.0,0.0,UP,medium,25.0,0.6
Métouia,Gabès,apartment,2026-01-01,0.0,0.0,0.0,UP,medium,25.0,0.6
Métouia,Gabès,house,2026-01-01,0.0,0.0,0.0,UP,medium,25.0,0.6
Métouia,Gabès,commercial,2026-01-01,0.0,0.0,0.0,UP,medium,25.0,0.6
Métouia,Gabès,land,2026-01-01,0.0,0.0,0.0,UP,medium,25.0,0.6
Nouvelle Matmata,Gabès,apartment,2026-01-01,0.0,0.0,0.0,UP,medium,25.0,0.6
Nouvelle Matmata,Gabès,house,2026-01-01,0.0,0.0,0.0,UP,medium,25.0,0.6
Nouvelle Matmata,Gabès,commercial,2026-01-01,0.0,0.0,0.0,UP,medium,25.0,0.6
Nouvelle Matmata,Gabès,land,2026-01-01,0.0,0.0,0.0,UP,medium,25.0,0.6
Oudhref,Gabès,apartment,2026-01-01,0.0,0.0,0.0,UP,medium,25.0,0.6
Oudhref,Gabès,house,2026-01-01,0.0,0.0,0.0,UP,medium,25.0,0.6
Oudhref,Gabès,commercial,2026-01-01,0.0,0.0,0.0,UP,medium,25.0,0.6
Oudhref,Gabès,land,2026-01-01,0.0,0.0,0.0,UP,medium,25.0,0.6
Toujane,Gabès,apartment,2026-01-01,0.0,0.0,0.0,UP,medium,25.0,0.6
Toujane,Gabès,house,2026-01-01,0.0,0.0,0.0,UP,medium,25.0,0.6
Toujane,Gabès,commercial,2026-01-01,0.0,0.0,0.0,UP,medium,25.0,0.6
Toujane,Gabès,land,2026-01-01,0.0,0.0,0.0,UP,medium,25.0,0.6
Belkhir,Gafsa,apartment,2026-01-01,0.0,0.0,0.0,UP,medium,25.0,0.6
Belkhir,Gafsa,house,2026-01-01,0.0,0.0,0.0,UP,medium,25.0,0.6
Belkhir,Gafsa,commercial,2026-01-01,0.0,0.0,0.0,UP,medium,25.0,0.6
Belkhir,Gafsa,land,2026-01-01,0.0,0.0,0.0,UP,medium,25.0,0.6
El Guettar,Gafsa,apartment,2026-01-01,0.0,0.0,0.0,UP,medium,25.0,0.6
El Guettar,Gafsa,house,2026-01-01,0.0,0.0,0.0,UP,medium,25.0,0.6
El Guettar,Gafsa,commercial,2026-01-01,0.0,0.0,0.0,UP,medium,25.0,0.6
El Guettar,Gafsa,land,2026-01-01,0.0,0.0,0.0,UP,medium,25.0,0.6
El Ksar,Gafsa,apartment,2026-01-01,0.0,0.0,0.0,UP,medium,25.0,0.6
El Ksar,Gafsa,house,2026-01-01,0.0,0.0,0.0,UP,medium,25.0,0.6
El Ksar,Gafsa,commercial,2026-01-01,0.0,0.0,0.0,UP,medium,25.0,0.6
El Ksar,Gafsa,land,2026-01-01,0.0,0.0,0.0,UP,medium,25.0,0.6
Gafsa Nord,Gafsa,apartment,2026-01-01,0.0,0.0,0.0,UP,medium,25.0,0.6
Gafsa Nord,Gafsa,house,2026-01-01,0.0,0.0,0.0,UP,medium,25.0,0.6
Gafsa Nord,Gafsa,commercial,2026-01-01,0.0,0.0,0.0,UP,medium,25.0,0.6
Gafsa Nord,Gafsa,land,2026-01-01,0.0,0.0,0.0,UP,medium,25.0,0.6
Gafsa Sud,Gafsa,apartment,2026-01-01,0.0,0.0,0.0,UP,medium,25.0,0.6
Gafsa Sud,Gafsa,house,2026-01-01,0.0,0.0,0.0,UP,medium,25.0,0.6
Gafsa Sud,Gafsa,commercial,2026-01-01,0.0,0.0,0.0,UP,medium,25.0,0.6
Gafsa Sud,Gafsa,land,2026-01-01,0.0,0.0,0.0,UP,medium,25.0,0.6
Mdhilla,Gafsa,apartment,2026-01-01,0.0,0.0,0.0,UP,medium,25.0,0.6
Mdhilla,Gafsa,house,2026-01-01,0.0,0.0,0.0,UP,medium,25.0,0.6
Mdhilla,Gafsa,commercial,2026-01-01,0.0,0.0,0.0,UP,medium,25.0,0.6
Mdhilla,Gafsa,land,2026-01-01,0.0,0.0,0.0,UP,medium,25.0,0.6
Moularès,Gafsa,apartment,2026-01-01,0.0,0.0,0.0,UP,medium,25.0,0.6
Moularès,Gafsa,house,2026-01-01,0.0,0.0,0.0,UP,medium,25.0,0.6
Moularès,Gafsa,commercial,2026-01-01,0.0,0.0,0.0,UP,medium,25.0,0.6
Moularès,Gafsa,land,2026-01-01,0.0,0.0,0.0,UP,medium,25.0,0.6
Métlaoui,Gafsa,apartment,2026-01-01,0.0,0.0,0.0,UP,medium,25.0,0.6
Métlaoui,Gafsa,house,2026-01-01,0.0,0.0,0.0,UP,medium,25.0,0.6
Métlaoui,Gafsa,commercial,2026-01-01,0.0,0.0,0.0,UP,medium,25.0,0.6
Métlaoui,Gafsa,land,2026-01-01,0.0,0.0,0.0,UP,medium,25.0,0.6
Redeyef,Gafsa,apartment,2026-01-01,0.25,0.5,1.0,UP,medium,25.0,0.6
Redeyef,Gafsa,house,2026-01-01,0.25,0.5,1.0,UP,medium,25.0,0.6
Redeyef,Gafsa,commercial,2026-01-01,0.25,0.5,1.0,UP,medium,25.0,0.6
Redeyef,Gafsa,land,2026-01-01,0.25,0.5,1.0,UP,medium,25.0,0.6
Sened,Gafsa,apartment,2026-01-01,0.0,0.0,0.0,UP,medium,25.0,0.6
Sened,Gafsa,house,2026-01-01,0.0,0.0,0.0,UP,medium,25.0,0.6
Sened,Gafsa,commercial,2026-01-01,0.0,0.0,0.0,UP,medium,25.0,0.6
Sened,Gafsa,land,2026-01-01,0.0,0.0,0.0,UP,medium,25.0,0.6
Sidi Aïch,Gafsa,apartment,2026-01-01,0.0,0.0,0.0,UP,medium,25.0,0.6
Sidi Aïch,Gafsa,house,2026-01-01,0.0,0.0,0.0,UP,medium,25.0,0.6
Sidi Aïch,Gafsa,commercial,2026-01-01,0.0,0.0,0.0,UP,medium,25.0,0.6
Sidi Aïch,Gafsa,land,2026-01-01,0.0,0.0,0.0,UP,medium,25.0,0.6
Sidi Boubaker,Gafsa,apartment,2026-01-01,0.0,0.0,0.0,UP,medium,25.0,0.6
Sidi Boubaker,Gafsa,house,2026-01-01,0.0,0.0,0.0,UP,medium,25.0,0.6
Sidi Boubaker,Gafsa,commercial,2026-01-01,0.0,0.0,0.0,UP,medium,25.0,0.6
Sidi Boubaker,Gafsa,land,2026-01-01,0.0,0.0,0.0,UP,medium,25.0,0.6
Zannouch,Gafsa,apartment,2026-01-01,0.0,0.0,0.0,UP,medium,25.0,0.6
Zannouch,Gafsa,house,2026-01-01,0.0,0.0,0.0,UP,medium,25.0,0.6
Zannouch,Gafsa,commercial,2026-01-01,0.0,0.0,0.0,UP,medium,25.0,0.6
Zannouch,Gafsa,land,2026-01-01,0.0,0.0,0.0,UP,medium,25.0,0.6
Aïn Draham,Jendouba,apartment,2026-01-01,0.0,0.0,0.0,UP,medium,25.0,0.6
Aïn Draham,Jendouba,house,2026-01-01,0.0,0.0,0.0,UP,medium,25.0,0.6
Aïn Draham,Jendouba,commercial,2026-01-01,0.0,0.0,0.0,UP,medium,25.0,0.6
Aïn Draham,Jendouba,land,2026-01-01,0.0,0.0,0.0,UP,medium,25.0,0.6
Balta-Bou Aouane,Jendouba,apartment,2026-01-01,0.0,0.0,0.0,UP,medium,25.0,0.6
Balta-Bou Aouane,Jendouba,house,2026-01-01,0.0,0.0,0.0,UP,medium,25.0,0.6
Balta-Bou Aouane,Jendouba,commercial,2026-01-01,0.0,0.0,0.0,UP,medium,25.0,0.6
Balta-Bou Aouane,Jendouba,land,2026-01-01,0.0,0.0,0.0,UP,medium,25.0,0.6
Bou Salem,Jendouba,apartment,2026-01-01,0.0,0.0,0.0,UP,medium,25.0,0.6
Bou Salem,Jendouba,house,2026-01-01,0.0,0.0,0.0,UP,medium,25.0,0.6
Bou Salem,Jendouba,commercial,2026-01-01,0.0,0.0,0.0,UP,medium,25.0,0.6
Bou Salem,Jendouba,land,2026-01-01,0.0,0.0,0.0,UP,medium,25.0,0.6
Fernana,Jendouba,apartment,2026-01-01,0.0,0.0,0.0,UP,medium,25.0,0.6
Fernana,Jendouba,house,2026-01-01,0.0,0.0,0.0,UP,medium,25.0,0.6
Fernana,Jendouba,commercial,2026-01-01,0.0,0.0,0.0,UP,medium,25.0,0.6
Fernana,Jendouba,land,2026-01-01,0.0,0.0,0.0,UP,medium,25.0,0.6
Ghardimaou,Jendouba,apartment,2026-01-01,0.0,0.0,0.0,UP,medium,25.0,0.6
Ghardimaou,Jendouba,house,2026-01-01,0.0,0.0,0.0,UP,medium,25.0,0.6
Ghardimaou,Jendouba,commercial,2026-01-01,0.0,0.0,0.0,UP,medium,25.0,0.6
Ghardimaou,Jendouba,land,2026-01-01,0.0,0.0,0.0,UP,medium,25.0,0.6
Jendouba,Jendouba,apartment,2026-01-01,0.0,0.0,0.0,UP,medium,25.0,0.6
Jendouba,Jendouba,house,2026-01-01,0.0,0.0,0.0,UP,medium,25.0,0.6
Jendouba,Jendouba,commercial,2026-01-01,0.0,0.0,0.0,UP,medium,25.0,0.6
Jendouba,Jendouba,land,2026-01-01,0.0,0.0,0.0,UP,medium,25.0,0.6
Jendouba Nord,Jendouba,apartment,2026-01-01,0.0,0.0,0.0,UP,medium,25.0,0.6
Jendouba Nord,Jendouba,house,2026-01-01,0.0,0.0,0.0,UP,medium,25.0,0.6
Jendouba Nord,Jendouba,commercial,2026-01-01,0.0,0.0,0.0,UP,medium,25.0,0.6
Jendouba Nord,Jendouba,land,2026-01-01,0.0,0.0,0.0,UP,medium,25.0,0.6
Oued Meliz,Jendouba,apartment,2026-01-01,0.0,0.0,0.0,UP,medium,25.0,0.6
Oued Meliz,Jendouba,house,2026-01-01,0.0,0.0,0.0,UP,medium,25.0,0.6
Oued Meliz,Jendouba,commercial,2026-01-01,0.0,0.0,0.0,UP,medium,25.0,0.6
Oued Meliz,Jendouba,land,2026-01-01,0.0,0.0,0.0,UP,medium,25.0,0.6
Tabarka,Jendouba,apartment,2026-01-01,0.0,0.0,0.0,UP,medium,25.0,0.6
Tabarka,Jendouba,house,2026-01-01,0.0,0.0,0.0,UP,medium,25.0,0.6
Tabarka,Jendouba,commercial,2026-01-01,0.25,0.5,1.0,UP,medium,25.0,0.6
Tabarka,Jendouba,land,2026-01-01,0.0,0.0,0.0,UP,medium,25.0,0.6
Aïn Djeloula,Kairouan,apartment,2026-01-01,0.0,0.0,0.0,UP,medium,25.0,0.6
Aïn Djeloula,Kairouan,house,2026-01-01,0.0,0.0,0.0,UP,medium,25.0,0.6
Aïn Djeloula,Kairouan,commercial,2026-01-01,0.0,0.0,0.0,UP,medium,25.0,0.6
Aïn Djeloula,Kairouan,land,2026-01-01,0.0,0.0,0.0,UP,medium,25.0,0.6
Bou Hajla,Kairouan,apartment,2026-01-01,0.0,0.0,0.0,UP,medium,25.0,0.6
Bou Hajla,Kairouan,house,2026-01-01,0.0,0.0,0.0,UP,medium,25.0,0.6
Bou Hajla,Kairouan,commercial,2026-01-01,0.0,0.0,0.0,UP,medium,25.0,0.6
Bou Hajla,Kairouan,land,2026-01-01,0.0,0.0,0.0,UP,medium,25.0,0.6
Chebika,Kairouan,apartment,2026-01-01,0.0,0.0,0.0,UP,medium,25.0,0.6
Chebika,Kairouan,house,2026-01-01,0.0,0.0,0.0,UP,medium,25.0,0.6
Chebika,Kairouan,commercial,2026-01-01,0.0,0.0,0.0,UP,medium,25.0,0.6
Chebika,Kairouan,land,2026-01-01,0.0,0.0,0.0,UP,medium,25.0,0.6
Echrarda,Kairouan,apartment,2026-01-01,0.0,0.0,0.0,UP,medium,25.0,0.6
Echrarda,Kairouan,house,2026-01-01,0.0,0.0,0.0,UP,medium,25.0,0.6
Echrarda,Kairouan,commercial,2026-01-01,0.0,0.0,0.0,UP,medium,25.0,0.6
Echrarda,Kairouan,land,2026-01-01,0.0,0.0,0.0,UP,medium,25.0,0.6
El Alâa,Kairouan,apartment,2026-01-01,0.0,0.0,0.0,UP,medium,25.0,0.6
El Alâa,Kairouan,house,2026-01-01,0.0,0.0,0.0,UP,medium,25.0,0.6
El Alâa,Kairouan,commercial,2026-01-01,0.0,0.0,0.0,UP,medium,25.0,0.6
El Alâa,Kairouan,land,2026-01-01,0.0,0.0,0.0,UP,medium,25.0,0.6
Haffouz,Kairouan,apartment,2026-01-01,0.0,0.0,0.0,UP,medium,25.0,0.6
Haffouz,Kairouan,house,2026-01-01,0.0,0.0,0.0,UP,medium,25.0,0.6
Haffouz,Kairouan,commercial,2026-01-01,0.0,0.0,0.0,UP,medium,25.0,0.6
Haffouz,Kairouan,land,2026-01-01,0.0,0.0,0.0,UP,medium,25.0,0.6
Hajeb El Ayoun,Kairouan,apartment,2026-01-01,0.0,0.0,0.0,UP,medium,25.0,0.6
Hajeb El Ayoun,Kairouan,house,2026-01-01,0.0,0.0,0.0,UP,medium,25.0,0.6
Hajeb El Ayoun,Kairouan,commercial,2026-01-01,0.0,0.0,0.0,UP,medium,25.0,0.6
Hajeb El Ayoun,Kairouan,land,2026-01-01,0.0,0.0,0.0,UP,medium,25.0,0.6
Kairouan Nord,Kairouan,apartment,2026-01-01,0.0,0.0,0.0,UP,medium,25.0,0.6
Kairouan Nord,Kairouan,house,2026-01-01,0.0,0.0,0.0,UP,medium,25.0,0.6
Kairouan Nord,Kairouan,commercial,2026-01-01,0.0,0.0,0.0,UP,medium,25.0,0.6
Kairouan Nord,Kairouan,land,2026-01-01,0.0,0.0,0.0,UP,medium,25.0,0.6
Kairouan Sud,Kairouan,apartment,2026-01-01,0.0,0.0,0.0,UP,medium,25.0,0.6
Kairouan Sud,Kairouan,house,2026-01-01,0.0,0.0,0.0,UP,medium,25.0,0.6
Kairouan Sud,Kairouan,commercial,2026-01-01,0.0,0.0,0.0,UP,medium,25.0,0.6
Kairouan Sud,Kairouan,land,2026-01-01,0.0,0.0,0.0,UP,medium,25.0,0.6
Menzel Mehiri,Kairouan,apartment,2026-01-01,0.0,0.0,0.0,UP,medium,25.0,0.6
Menzel Mehiri,Kairouan,house,2026-01-01,0.0,0.0,0.0,UP,medium,25.0,0.6
Menzel Mehiri,Kairouan,commercial,2026-01-01,0.0,0.0,0.0,UP,medium,25.0,0.6
Menzel Mehiri,Kairouan,land,2026-01-01,0.0,0.0,0.0,UP,medium,25.0,0.6
Nasrallah,Kairouan,apartment,2026-01-01,0.0,0.0,0.0,UP,medium,25.0,0.6
Nasrallah,Kairouan,house,2026-01-01,0.0,0.0,0.0,UP,medium,25.0,0.6
Nasrallah,Kairouan,commercial,2026-01-01,0.0,0.0,0.0,UP,medium,25.0,0.6
Nasrallah,Kairouan,land,2026-01-01,0.0,0.0,0.0,UP,medium,25.0,0.6
Oueslatia,Kairouan,apartment,2026-01-01,0.0,0.0,0.0,UP,medium,25.0,0.6
Oueslatia,Kairouan,house,2026-01-01,0.0,0.0,0.0,UP,medium,25.0,0.6
Oueslatia,Kairouan,commercial,2026-01-01,0.0,0.0,0.0,UP,medium,25.0,0.6
Oueslatia,Kairouan,land,2026-01-01,0.0,0.0,0.0,UP,medium,25.0,0.6
Sbikha,Kairouan,apartment,2026-01-01,0.0,0.0,0.0,UP,medium,25.0,0.6
Sbikha,Kairouan,house,2026-01-01,0.0,0.0,0.0,UP,medium,25.0,0.6
Sbikha,Kairouan,commercial,2026-01-01,0.0,0.0,0.0,UP,medium,25.0,0.6
Sbikha,Kairouan,land,2026-01-01,0.0,0.0,0.0,UP,medium,25.0,0.6
El Ayoun,Kasserine,apartment,2026-01-01,0.0,0.0,0.0,UP,medium,25.0,0.6
El Ayoun,Kasserine,house,2026-01-01,0.0,0.0,0.0,UP,medium,25.0,0.6
El Ayoun,Kasserine,commercial,2026-01-01,0.0,0.0,0.0,UP,medium,25.0,0.6
El Ayoun,Kasserine,land,2026-01-01,0.0,0.0,0.0,UP,medium,25.0,0.6
Ezzouhour,Kasserine,apartment,2026-01-01,0.0,0.0,0.0,UP,medium,25.0,0.6
Ezzouhour,Kasserine,house,2026-01-01,0.0,0.0,0.0,UP,medium,25.0,0.6
Ezzouhour,Kasserine,commercial,2026-01-01,0.0,0.0,0.0,UP,medium,25.0,0.6
Ezzouhour,Kasserine,land,2026-01-01,0.0,0.0,0.0,UP,medium,25.0,0.6
Foussana,Kasserine,apartment,2026-01-01,0.0,0.0,0.0,UP,medium,25.0,0.6
Foussana,Kasserine,house,2026-01-01,0.0,0.0,0.0,UP,medium,25.0,0.6
Foussana,Kasserine,commercial,2026-01-01,0.0,0.0,0.0,UP,medium,25.0,0.6
Foussana,Kasserine,land,2026-01-01,0.0,0.0,0.0,UP,medium,25.0,0.6
Fériana,Kasserine,apartment,2026-01-01,0.0,0.0,0.0,UP,medium,25.0,0.6
Fériana,Kasserine,house,2026-01-01,0.0,0.0,0.0,UP,medium,25.0,0.6
Fériana,Kasserine,commercial,2026-01-01,0.0,0.0,0.0,UP,medium,25.0,0.6
Fériana,Kasserine,land,2026-01-01,0.0,0.0,0.0,UP,medium,25.0,0.6
Hassi El Ferid,Kasserine,apartment,2026-01-01,0.0,0.0,0.0,UP,medium,25.0,0.6
Hassi El Ferid,Kasserine,house,2026-01-01,0.0,0.0,0.0,UP,medium,25.0,0.6
Hassi El Ferid,Kasserine,commercial,2026-01-01,0.0,0.0,0.0,UP,medium,25.0,0.6
Hassi El Ferid,Kasserine,land,2026-01-01,0.0,0.0,0.0,UP,medium,25.0,0.6
Haïdra,Kasserine,apartment,2026-01-01,0.0,0.0,0.0,UP,medium,25.0,0.6
Haïdra,Kasserine,house,2026-01-01,0.0,0.0,0.0,UP,medium,25.0,0.6
Haïdra,Kasserine,commercial,2026-01-01,0.0,0.0,0.0,UP,medium,25.0,0.6
Haïdra,Kasserine,land,2026-01-01,0.0,0.0,0.0,UP,medium,25.0,0.6
Jedelienne,Kasserine,apartment,2026-01-01,0.0,0.0,0.0,UP,medium,25.0,0.6
Jedelienne,Kasserine,house,2026-01-01,0.0,0.0,0.0,UP,medium,25.0,0.6
Jedelienne,Kasserine,commercial,2026-01-01,0.0,0.0,0.0,UP,medium,25.0,0.6
Jedelienne,Kasserine,land,2026-01-01,0.0,0.0,0.0,UP,medium,25.0,0.6
Kasserine Nord,Kasserine,apartment,2026-01-01,0.0,0.0,0.0,UP,medium,25.0,0.6
Kasserine Nord,Kasserine,house,2026-01-01,0.0,0.0,0.0,UP,medium,25.0,0.6
Kasserine Nord,Kasserine,commercial,2026-01-01,0.0,0.0,0.0,UP,medium,25.0,0.6
Kasserine Nord,Kasserine,land,2026-01-01,0.0,0.0,0.0,UP,medium,25.0,0.6
Kasserine Sud,Kasserine,apartment,2026-01-01,0.0,0.0,0.0,UP,medium,25.0,0.6
Kasserine Sud,Kasserine,house,2026-01-01,0.0,0.0,0.0,UP,medium,25.0,0.6
Kasserine Sud,Kasserine,commercial,2026-01-01,0.0,0.0,0.0,UP,medium,25.0,0.6
Kasserine Sud,Kasserine,land,2026-01-01,0.0,0.0,0.0,UP,medium,25.0,0.6
Majel Bel Abbès,Kasserine,apartment,2026-01-01,0.0,0.0,0.0,UP,medium,25.0,0.6
Majel Bel Abbès,Kasserine,house,2026-01-01,0.0,0.0,0.0,UP,medium,25.0,0.6
Majel Bel Abbès,Kasserine,commercial,2026-01-01,0.0,0.0,0.0,UP,medium,25.0,0.6
Majel Bel Abbès,Kasserine,land,2026-01-01,0.0,0.0,0.0,UP,medium,25.0,0.6
Sbeïtla,Kasserine,apartment,2026-01-01,0.0,0.0,0.0,UP,medium,25.0,0.6
Sbeïtla,Kasserine,house,2026-01-01,0.0,0.0,0.0,UP,medium,25.0,0.6
Sbeïtla,Kasserine,commercial,2026-01-01,0.0,0.0,0.0,UP,medium,25.0,0.6
Sbeïtla,Kasserine,land,2026-01-01,0.0,0.0,0.0,UP,medium,25.0,0.6
Sbiba,Kasserine,apartment,2026-01-01,0.0,0.0,0.0,UP,medium,25.0,0.6
Sbiba,Kasserine,house,2026-01-01,0.0,0.0,0.0,UP,medium,25.0,0.6
Sbiba,Kasserine,commercial,2026-01-01,0.0,0.0,0.0,UP,medium,25.0,0.6
Sbiba,Kasserine,land,2026-01-01,0.0,0.0,0.0,UP,medium,25.0,0.6
Thala,Kasserine,apartment,2026-01-01,0.0,0.0,0.0,UP,medium,25.0,0.6
Thala,Kasserine,house,2026-01-01,0.0,0.0,0.0,UP,medium,25.0,0.6
Thala,Kasserine,commercial,2026-01-01,0.0,0.0,0.0,UP,medium,25.0,0.6
Thala,Kasserine,land,2026-01-01,0.0,0.0,0.0,UP,medium,25.0,0.6
Douz Nord,Kébili,apartment,2026-01-01,0.0,0.0,0.0,UP,medium,25.0,0.6
Douz Nord,Kébili,house,2026-01-01,0.0,0.0,0.0,UP,medium,25.0,0.6
Douz Nord,Kébili,commercial,2026-01-01,0.0,0.0,0.0,UP,medium,25.0,0.6
Douz Nord,Kébili,land,2026-01-01,0.0,0.0,0.0,UP,medium,25.0,0.6
Douz Sud,Kébili,apartment,2026-01-01,0.0,0.0,0.0,UP,medium,25.0,0.6
Douz Sud,Kébili,house,2026-01-01,0.0,0.0,0.0,UP,medium,25.0,0.6
Douz Sud,Kébili,commercial,2026-01-01,0.0,0.0,0.0,UP,medium,25.0,0.6
Douz Sud,Kébili,land,2026-01-01,0.0,0.0,0.0,UP,medium,25.0,0.6
Faouar,Kébili,apartment,2026-01-01,0.0,0.0,0.0,UP,medium,25.0,0.6
Faouar,Kébili,house,2026-01-01,0.0,0.0,0.0,UP,medium,25.0,0.6
Faouar,Kébili,commercial,2026-01-01,0.0,0.0,0.0,UP,medium,25.0,0.6
Faouar,Kébili,land,2026-01-01,0.0,0.0,0.0,UP,medium,25.0,0.6
Kébili Nord,Kébili,apartment,2026-01-01,0.0,0.0,0.0,UP,medium,25.0,0.6
Kébili Nord,Kébili,house,2026-01-01,0.0,0.0,0.0,UP,medium,25.0,0.6
Kébili Nord,Kébili,commercial,2026-01-01,0.0,0.0,0.0,UP,medium,25.0,0.6
Kébili Nord,Kébili,land,2026-01-01,0.0,0.0,0.0,UP,medium,25.0,0.6
Kébili Sud,Kébili,apartment,2026-01-01,0.0,0.0,0.0,UP,medium,25.0,0.6
Kébili Sud,Kébili,house,2026-01-01,0.0,0.0,0.0,UP,medium,25.0,0.6
Kébili Sud,Kébili,commercial,2026-01-01,0.0,0.0,0.0,UP,medium,25.0,0.6
Kébili Sud,Kébili,land,2026-01-01,0.0,0.0,0.0,UP,medium,25.0,0.6
Rjim Maatoug,Kébili,apartment,2026-01-01,0.0,0.0,0.0,UP,medium,25.0,0.6
Rjim Maatoug,Kébili,house,2026-01-01,0.0,0.0,0.0,UP,medium,25.0,0.6
Rjim Maatoug,Kébili,commercial,2026-01-01,0.0,0.0,0.0,UP,medium,25.0,0.6
Rjim Maatoug,Kébili,land,2026-01-01,0.0,0.0,0.0,UP,medium,25.0,0.6
Souk Lahad,Kébili,apartment,2026-01-01,0.0,0.0,0.0,UP,medium,25.0,0.6
Souk Lahad,Kébili,house,2026-01-01,0.0,0.0,0.0,UP,medium,25.0,0.6
Souk Lahad,Kébili,commercial,2026-01-01,0.0,0.0,0.0,UP,medium,25.0,0.6
Souk Lahad,Kébili,land,2026-01-01,0.0,0.0,0.0,UP,medium,25.0,0.6
Borj El Amri,La Manouba,apartment,2026-01-01,0.0,0.0,0.0,UP,medium,25.0,0.6
Borj El Amri,La Manouba,house,2026-01-01,0.0,0.0,0.0,UP,medium,25.0,0.6
Borj El Amri,La Manouba,commercial,2026-01-01,0.0,0.0,0.0,UP,medium,25.0,0.6
Borj El Amri,La Manouba,land,2026-01-01,0.0,0.0,0.0,UP,medium,25.0,0.6
Djedeida,La Manouba,apartment,2026-01-01,0.0,0.0,0.0,UP,medium,25.0,0.6
Djedeida,La Manouba,house,2026-01-01,0.0,0.0,0.0,UP,medium,25.0,0.6
Djedeida,La Manouba,commercial,2026-01-01,0.0,0.0,0.0,UP,medium,25.0,0.6
Djedeida,La Manouba,land,2026-01-01,0.0,0.0,0.0,UP,medium,25.0,0.6
Douar Hicher,La Manouba,apartment,2026-01-01,0.0,0.0,0.0,UP,medium,25.0,0.6
Douar Hicher,La Manouba,house,2026-01-01,0.0,0.0,0.0,UP,medium,25.0,0.6
Douar Hicher,La Manouba,commercial,2026-01-01,0.0,0.0,0.0,UP,medium,25.0,0.6
Douar Hicher,La Manouba,land,2026-01-01,0.0,0.0,0.0,UP,medium,25.0,0.6
El Batan,La Manouba,apartment,2026-01-01,0.0,0.0,0.0,UP,medium,25.0,0.6
El Batan,La Manouba,house,2026-01-01,0.0,0.0,0.0,UP,medium,25.0,0.6
El Batan,La Manouba,commercial,2026-01-01,0.0,0.0,0.0,UP,medium,25.0,0.6
El Batan,La Manouba,land,2026-01-01,0.0,0.0,0.0,UP,medium,25.0,0.6
La Manouba,La Manouba,apartment,2026-01-01,0.0,0.0,0.0,UP,medium,25.0,0.6
La Manouba,La Manouba,house,2026-01-01,0.0,0.0,0.0,UP,medium,25.0,0.6
La Manouba,La Manouba,commercial,2026-01-01,0.0,0.0,0.0,UP,medium,25.0,0.6
La Manouba,La Manouba,land,2026-01-01,0.0,0.0,0.0,UP,medium,25.0,0.6
Mornaguia,La Manouba,apartment,2026-01-01,0.0,0.0,0.0,UP,medium,25.0,0.6
Mornaguia,La Manouba,house,2026-01-01,0.0,0.0,0.0,UP,medium,25.0,0.6
Mornaguia,La Manouba,commercial,2026-01-01,0.0,0.0,0.0,UP,medium,25.0,0.6
Mornaguia,La Manouba,land,2026-01-01,0.0,0.0,0.0,UP,medium,25.0,0.6
Oued Ellil,La Manouba,apartment,2026-01-01,0.0,0.0,0.0,UP,medium,25.0,0.6
Oued Ellil,La Manouba,house,2026-01-01,0.0,0.0,0.0,UP,medium,25.0,0.6
Oued Ellil,La Manouba,commercial,2026-01-01,0.0,0.0,0.0,UP,medium,25.0,0.6
Oued Ellil,La Manouba,land,2026-01-01,0.0,0.0,0.0,UP,medium,25.0,0.6
Tebourba,La Manouba,apartment,2026-01-01,0.0,0.0,0.0,UP,medium,25.0,0.6
Tebourba,La Manouba,house,2026-01-01,0.0,0.0,0.0,UP,medium,25.0,0.6
Tebourba,La Manouba,commercial,2026-01-01,0.0,0.0,0.0,UP,medium,25.0,0.6
Tebourba,La Manouba,land,2026-01-01,0.0,0.0,0.0,UP,medium,25.0,0.6
Dahmani,Le Kef,apartment,2026-01-01,0.0,0.0,0.0,UP,medium,25.0,0.6
Dahmani,Le Kef,house,2026-01-01,0.0,0.0,0.0,UP,medium,25.0,0.6
Dahmani,Le Kef,commercial,2026-01-01,0.0,0.0,0.0,UP,medium,25.0,0.6
Dahmani,Le Kef,land,2026-01-01,0.0,0.0,0.0,UP,medium,25.0,0.6
El Ksour,Le Kef,apartment,2026-01-01,0.0,0.0,0.0,UP,medium,25.0,0.6
El Ksour,Le Kef,house,2026-01-01,0.0,0.0,0.0,UP,medium,25.0,0.6
El Ksour,Le Kef,commercial,2026-01-01,0.0,0.0,0.0,UP,medium,25.0,0.6
El Ksour,Le Kef,land,2026-01-01,0.0,0.0,0.0,UP,medium,25.0,0.6
Jérissa,Le Kef,apartment,2026-01-01,0.0,0.0,0.0,UP,medium,25.0,0.6
Jérissa,Le Kef,house,2026-01-01,0.0,0.0,0.0,UP,medium,25.0,0.6
Jérissa,Le Kef,commercial,2026-01-01,0.0,0.0,0.0,UP,medium,25.0,0.6
Jérissa,Le Kef,land,2026-01-01,0.0,0.0,0.0,UP,medium,25.0,0.6
Kalaat Senan,Le Kef,apartment,2026-01-01,0.0,0.0,0.0,UP,medium,25.0,0.6
Kalaat Senan,Le Kef,house,2026-01-01,0.0,0.0,0.0,UP,medium,25.0,0.6
Kalaat Senan,Le Kef,commercial,2026-01-01,0.0,0.0,0.0,UP,medium,25.0,0.6
Kalaat Senan,Le Kef,land,2026-01-01,0.0,0.0,0.0,UP,medium,25.0,0.6
Kalâat Khasba,Le Kef,apartment,2026-01-01,0.0,0.0,0.0,UP,medium,25.0,0.6
Kalâat Khasba,Le Kef,house,2026-01-01,0.0,0.0,0.0,UP,medium,25.0,0.6
Kalâat Khasba,Le Kef,commercial,2026-01-01,0.0,0.0,0.0,UP,medium,25.0,0.6
Kalâat Khasba,Le Kef,land,2026-01-01,0.0,0.0,0.0,UP,medium,25.0,0.6
Kef Est,Le Kef,apartment,2026-01-01,0.0,0.0,0.0,UP,medium,25.0,0.6
Kef Est,Le Kef,house,2026-01-01,0.0,0.0,0.0,UP,medium,25.0,0.6
Kef Est,Le Kef,commercial,2026-01-01,0.0,0.0,0.0,UP,medium,25.0,0.6
Kef Est,Le Kef,land,2026-01-01,0.0,0.0,0.0,UP,medium,25.0,0.6
Kef Ouest,Le Kef,apartment,2026-01-01,0.0,0.0,0.0,UP,medium,25.0,0.6
Kef Ouest,Le Kef,house,2026-01-01,0.0,0.0,0.0,UP,medium,25.0,0.6
Kef Ouest,Le Kef,commercial,2026-01-01,0.0,0.0,0.0,UP,medium,25.0,0.6
Kef Ouest,Le Kef,land,2026-01-01,0.0,0.0,0.0,UP,medium,25.0,0.6
Nebeur,Le Kef,apartment,2026-01-01,0.0,0.0,0.0,UP,medium,25.0,0.6
Nebeur,Le Kef,house,2026-01-01,0.0,0.0,0.0,UP,medium,25.0,0.6
Nebeur,Le Kef,commercial,2026-01-01,0.0,0.0,0.0,UP,medium,25.0,0.6
Nebeur,Le Kef,land,2026-01-01,0.0,0.0,0.0,UP,medium,25.0,0.6
Sakiet Sidi Youssef,Le Kef,apartment,2026-01-01,0.0,0.0,0.0,UP,medium,25.0,0.6
Sakiet Sidi Youssef,Le Kef,house,2026-01-01,0.0,0.0,0.0,UP,medium,25.0,0.6
Sakiet Sidi Youssef,Le Kef,commercial,2026-01-01,0.0,0.0,0.0,UP,medium,25.0,0.6
Sakiet Sidi Youssef,Le Kef,land,2026-01-01,0.0,0.0,0.0,UP,medium,25.0,0.6
Sers,Le Kef,apartment,2026-01-01,0.0,0.0,0.0,UP,medium,25.0,0.6
Sers,Le Kef,house,2026-01-01,0.0,0.0,0.0,UP,medium,25.0,0.6
Sers,Le Kef,commercial,2026-01-01,0.0,0.0,0.0,UP,medium,25.0,0.6
Sers,Le Kef,land,2026-01-01,0.0,0.0,0.0,UP,medium,25.0,0.6
Tajerouine,Le Kef,apartment,2026-01-01,0.0,0.0,0.0,UP,medium,25.0,0.6
Tajerouine,Le Kef,house,2026-01-01,0.0,0.0,0.0,UP,medium,25.0,0.6
Tajerouine,Le Kef,commercial,2026-01-01,0.0,0.0,0.0,UP,medium,25.0,0.6
Tajerouine,Le Kef,land,2026-01-01,0.0,0.0,0.0,UP,medium,25.0,0.6
Touiref,Le Kef,apartment,2026-01-01,0.0,0.0,0.0,UP,medium,25.0,0.6
Touiref,Le Kef,house,2026-01-01,0.0,0.0,0.0,UP,medium,25.0,0.6
Touiref,Le Kef,commercial,2026-01-01,0.0,0.0,0.0,UP,medium,25.0,0.6
Touiref,Le Kef,land,2026-01-01,0.0,0.0,0.0,UP,medium,25.0,0.6
Bou Merdes,Mahdia,apartment,2026-01-01,0.0,0.0,0.0,UP,medium,25.0,0.6
Bou Merdes,Mahdia,house,2026-01-01,0.0,0.0,0.0,UP,medium,25.0,0.6
Bou Merdes,Mahdia,commercial,2026-01-01,0.0,0.0,0.0,UP,medium,25.0,0.6
Bou Merdes,Mahdia,land,2026-01-01,0.0,0.0,0.0,UP,medium,25.0,0.6
Chebba,Mahdia,apartment,2026-01-01,0.0,0.0,0.0,UP,medium,25.0,0.6
Chebba,Mahdia,house,2026-01-01,0.0,0.0,0.0,UP,medium,25.0,0.6
Chebba,Mahdia,commercial,2026-01-01,0.0,0.0,0.0,UP,medium,25.0,0.6
Chebba,Mahdia,land,2026-01-01,0.0,0.0,0.0,UP,medium,25.0,0.6
Chorbane,Mahdia,apartment,2026-01-01,0.0,0.0,0.0,UP,medium,25.0,0.6
Chorbane,Mahdia,house,2026-01-01,0.0,0.0,0.0,UP,medium,25.0,0.6
Chorbane,Mahdia,commercial,2026-01-01,0.0,0.0,0.0,UP,medium,25.0,0.6
Chorbane,Mahdia,land,2026-01-01,0.0,0.0,0.0,UP,medium,25.0,0.6
El Bradâa,Mahdia,apartment,2026-01-01,0.0,0.0,0.0,UP,medium,25.0,0.6
El Bradâa,Mahdia,house,2026-01-01,0.0,0.0,0.0,UP,medium,25.0,0.6
El Bradâa,Mahdia,commercial,2026-01-01,0.0,0.0,0.0,UP,medium,25.0,0.6
El Bradâa,Mahdia,land,2026-01-01,0.0,0.0,0.0,UP,medium,25.0,0.6
El Jem,Mahdia,apartment,2026-01-01,0.0,0.0,0.0,UP,medium,25.0,0.6
El Jem,Mahdia,house,2026-01-01,0.0,0.0,0.0,UP,medium,25.0,0.6
El Jem,Mahdia,commercial,2026-01-01,0.0,0.0,0.0,UP,medium,25.0,0.6
El Jem,Mahdia,land,2026-01-01,0.0,0.0,0.0,UP,medium,25.0,0.6
Essouassi,Mahdia,apartment,2026-01-01,0.0,0.0,0.0,UP,medium,25.0,0.6
Essouassi,Mahdia,house,2026-01-01,0.0,0.0,0.0,UP,medium,25.0,0.6
Essouassi,Mahdia,commercial,2026-01-01,0.0,0.0,0.0,UP,medium,25.0,0.6
Essouassi,Mahdia,land,2026-01-01,0.0,0.0,0.0,UP,medium,25.0,0.6
Hebira,Mahdia,apartment,2026-01-01,0.0,0.0,0.0,UP,medium,25.0,0.6
Hebira,Mahdia,house,2026-01-01,0.0,0.0,0.0,UP,medium,25.0,0.6
Hebira,Mahdia,commercial,2026-01-01,0.0,0.0,0.0,UP,medium,25.0,0.6
Hebira,Mahdia,land,2026-01-01,0.0,0.0,0.0,UP,medium,25.0,0.6
Ksour Essef,Mahdia,apartment,2026-01-01,0.0,0.0,0.0,UP,medium,25.0,0.6
Ksour Essef,Mahdia,house,2026-01-01,0.0,0.0,0.0,UP,medium,25.0,0.6
Ksour Essef,Mahdia,commercial,2026-01-01,0.0,0.0,0.0,UP,medium,25.0,0.6
Ksour Essef,Mahdia,land,2026-01-01,0.0,0.0,0.0,UP,medium,25.0,0.6
Mahdia,Mahdia,apartment,2026-01-01,0.0,0.0,0.0,UP,medium,25.0,0.6
Mahdia,Mahdia,house,2026-01-01,0.0,0.0,0.0,UP,medium,25.0,0.6
Mahdia,Mahdia,commercial,2026-01-01,0.0,0.0,0.0,UP,medium,25.0,0.6
Mahdia,Mahdia,land,2026-01-01,0.0,0.0,0.0,UP,medium,25.0,0.6
Melloulèche,Mahdia,apartment,2026-01-01,0.0,0.0,0.0,UP,medium,25.0,0.6
Melloulèche,Mahdia,house,2026-01-01,0.0,0.0,0.0,UP,medium,25.0,0.6
Melloulèche,Mahdia,commercial,2026-01-01,0.0,0.0,0.0,UP,medium,25.0,0.6
Melloulèche,Mahdia,land,2026-01-01,0.0,0.0,0.0,UP,medium,25.0,0.6
Ouled Chamekh,Mahdia,apartment,2026-01-01,0.0,0.0,0.0,UP,medium,25.0,0.6
Ouled Chamekh,Mahdia,house,2026-01-01,0.0,0.0,0.0,UP,medium,25.0,0.6
Ouled Chamekh,Mahdia,commercial,2026-01-01,0.0,0.0,0.0,UP,medium,25.0,0.6
Ouled Chamekh,Mahdia,land,2026-01-01,0.0,0.0,0.0,UP,medium,25.0,0.6
Rejiche,Mahdia,apartment,2026-01-01,0.0,0.0,0.0,UP,medium,25.0,0.6
Rejiche,Mahdia,house,2026-01-01,0.0,0.0,0.0,UP,medium,25.0,0.6
Rejiche,Mahdia,commercial,2026-01-01,0.0,0.0,0.0,UP,medium,25.0,0.6
Rejiche,Mahdia,land,2026-01-01,0.0,0.0,0.0,UP,medium,25.0,0.6
Sidi Alouane,Mahdia,apartment,2026-01-01,0.0,0.0,0.0,UP,medium,25.0,0.6
Sidi Alouane,Mahdia,house,2026-01-01,0.0,0.0,0.0,UP,medium,25.0,0.6
Sidi Alouane,Mahdia,commercial,2026-01-01,0.0,0.0,0.0,UP,medium,25.0,0.6
Sidi Alouane,Mahdia,land,2026-01-01,0.0,0.0,0.0,UP,medium,25.0,0.6
Bekalta,Monastir,apartment,2026-01-01,-0.75,-1.5,-3.0,DOWN,medium,25.0,0.6
Bekalta,Monastir,house,2026-01-01,-0.5,-1.0,-2.0,DOWN,medium,25.0,0.6
Bekalta,Monastir,commercial,2026-01-01,-0.25,-0.5,-1.0,DOWN,medium,25.0,0.6
Bekalta,Monastir,land,2026-01-01,-0.5,-1.0,-2.0,DOWN,medium,25.0,0.6
Bembla,Monastir,apartment,2026-01-01,0.0,0.0,0.0,UP,medium,25.0,0.6
Bembla,Monastir,house,2026-01-01,-0.25,-0.5,-1.0,DOWN,medium,25.0,0.6
Bembla,Monastir,commercial,2026-01-01,0.0,0.0,0.0,UP,medium,25.0,0.6
Bembla,Monastir,land,2026-01-01,-0.5,-1.0,-2.0,DOWN,medium,25.0,0.6
Beni Hassen,Monastir,apartment,2026-01-01,-0.75,-1.5,-3.0,DOWN,medium,25.0,0.6
Beni Hassen,Monastir,house,2026-01-01,-0.75,-1.5,-3.0,DOWN,medium,25.0,0.6
Beni Hassen,Monastir,commercial,2026-01-01,-0.5,-1.0,-2.0,DOWN,medium,25.0,0.6
Beni Hassen,Monastir,land,2026-01-01,-1.25,-2.5,-5.0,DOWN,medium,25.0,0.6
Jemmal,Monastir,apartment,2026-01-01,0.0,0.0,0.0,UP,medium,25.0,0.6
Jemmal,Monastir,house,2026-01-01,0.0,0.0,0.0,UP,medium,25.0,0.6
Jemmal,Monastir,commercial,2026-01-01,0.25,0.5,1.0,UP,medium,25.0,0.6
Jemmal,Monastir,land,2026-01-01,-0.25,-0.5,-1.0,DOWN,medium,25.0,0.6
Ksar Hellal,Monastir,apartment,2026-01-01,0.0,0.0,0.0,UP,medium,25.0,0.6
Ksar Hellal,Monastir,house,2026-01-01,0.0,0.0,0.0,UP,medium,25.0,0.6
Ksar Hellal,Monastir,commercial,2026-01-01,0.25,0.5,1.0,UP,medium,25.0,0.6
Ksar Hellal,Monastir,land,2026-01-01,0.0,0.0,0.0,UP,medium,25.0,0.6
Ksibet el-Médiouni,Monastir,apartment,2026-01-01,-0.5,-1.0,-2.0,DOWN,medium,25.0,0.6
Ksibet el-Médiouni,Monastir,house,2026-01-01,-0.5,-1.0,-2.0,DOWN,medium,25.0,0.6
Ksibet el-Médiouni,Monastir,commercial,2026-01-01,-0.25,-0.5,-1.0,DOWN,medium,25.0,0.6
Ksibet el-Médiouni,Monastir,land,2026-01-01,-0.5,-1.0,-2.0,DOWN,medium,25.0,0.6
Moknine,Monastir,apartment,2026-01-01,0.0,0.0,0.0,UP,medium,25.0,0.6
Moknine,Monastir,house,2026-01-01,0.0,0.0,0.0,UP,medium,25.0,0.6
Moknine,Monastir,commercial,2026-01-01,-0.5,-1.0,-2.0,DOWN,medium,25.0,0.6
Moknine,Monastir,land,2026-01-01,-0.25,-0.5,-1.0,DOWN,medium,25.0,0.6
Monastir,Monastir,apartment,2026-01-01,0.0,0.0,0.0,UP,medium,25.0,0.6
Monastir,Monastir,house,2026-01-01,0.0,0.0,0.0,UP,medium,25.0,0.6
Monastir,Monastir,commercial,2026-01-01,0.25,0.5,1.0,UP,medium,25.0,0.6
Monastir,Monastir,land,2026-01-01,0.0,0.0,0.0,UP,medium,25.0,0.6
Ouerdanine,Monastir,apartment,2026-01-01,-0.25,-0.5,-1.0,DOWN,medium,25.0,0.6
Ouerdanine,Monastir,house,2026-01-01,-0.25,-0.5,-1.0,DOWN,medium,25.0,0.6
Ouerdanine,Monastir,commercial,2026-01-01,-0.25,-0.5,-1.0,DOWN,medium,25.0,0.6
Ouerdanine,Monastir,land,2026-01-01,-0.5,-1.0,-2.0,DOWN,medium,25.0,0.6
Sahline,Monastir,apartment,2026-01-01,0.25,0.5,1.0,UP,medium,25.0,0.6
Sahline,Monastir,house,2026-01-01,0.0,0.0,0.0,UP,medium,25.0,0.6
Sahline,Monastir,commercial,2026-01-01,0.0,0.0,0.0,UP,medium,25.0,0.6
Sahline,Monastir,land,2026-01-01,0.25,0.5,1.0,UP,medium,25.0,0.6
Sayada-Lamta-Bou Hajar,Monastir,apartment,2026-01-01,0.0,0.0,0.0,UP,medium,25.0,0.6
Sayada-Lamta-Bou Hajar,Monastir,house,2026-01-01,0.0,0.0,0.0,UP,medium,25.0,0.6
Sayada-Lamta-Bou Hajar,Monastir,commercial,2026-01-01,0.25,0.5,1.0,UP,medium,25.0,0.6
Sayada-Lamta-Bou Hajar,Monastir,land,2026-01-01,0.0,0.0,0.0,UP,medium,25.0,0.6
Téboulba,Monastir,apartment,2026-01-01,0.0,0.0,0.0,UP,medium,25.0,0.6
Téboulba,Monastir,house,2026-01-01,-0.25,-0.5,-1.0,DOWN,medium,25.0,0.6
Téboulba,Monastir,commercial,2026-01-01,0.0,0.0,0.0,UP,medium,25.0,0.6
Téboulba,Monastir,land,2026-01-01,-0.25,-0.5,-1.0,DOWN,medium,25.0,0.6
Zéramdine,Monastir,apartment,2026-01-01,0.0,0.0,0.0,UP,medium,25.0,0.6
Zéramdine,Monastir,house,2026-01-01,-0.25,-0.5,-1.0,DOWN,medium,25.0,0.6
Zéramdine,Monastir,commercial,2026-01-01,0.0,0.0,0.0,UP,medium,25.0,0.6
Zéramdine,Monastir,land,2026-01-01,-0.75,-1.5,-3.0,DOWN,medium,25.0,0.6
Ben Gardane,Médenine,apartment,2026-01-01,0.25,0.5,1.0,UP,medium,25.0,0.6
Ben Gardane,Médenine,house,2026-01-01,0.25,0.5,1.0,UP,medium,25.0,0.6
Ben Gardane,Médenine,commercial,2026-01-01,0.25,0.5,1.0,UP,medium,25.0,0.6
Ben Gardane,Médenine,land,2026-01-01,0.25,0.5,1.0,UP,medium,25.0,0.6
Beni Khedache,Médenine,apartment,2026-01-01,0.0,0.0,0.0,UP,medium,25.0,0.6
Beni Khedache,Médenine,house,2026-01-01,0.0,0.0,0.0,UP,medium,25.0,0.6
Beni Khedache,Médenine,commercial,2026-01-01,0.0,0.0,0.0,UP,medium,25.0,0.6
Beni Khedache,Médenine,land,2026-01-01,0.0,0.0,0.0,UP,medium,25.0,0.6
Djerba - Ajim,Médenine,apartment,2026-01-01,0.0,0.0,0.0,UP,medium,25.0,0.6
Djerba - Ajim,Médenine,house,2026-01-01,0.0,0.0,0.0,UP,medium,25.0,0.6
Djerba - Ajim,Médenine,commercial,2026-01-01,0.0,0.0,0.0,UP,medium,25.0,0.6
Djerba - Ajim,Médenine,land,2026-01-01,0.0,0.0,0.0,UP,medium,25.0,0.6
Djerba - Houmt Souk,Médenine,apartment,2026-01-01,0.5,1.0,2.0,UP,medium,25.0,0.6
Djerba - Houmt Souk,Médenine,house,2026-01-01,0.5,1.0,2.0,UP,medium,25.0,0.6
Djerba - Houmt Souk,Médenine,commercial,2026-01-01,0.5,1.0,2.0,UP,medium,25.0,0.6
Djerba - Houmt Souk,Médenine,land,2026-01-01,0.5,1.0,2.0,UP,medium,25.0,0.6
Djerba - Midoun,Médenine,apartment,2026-01-01,0.25,0.5,1.0,UP,medium,25.0,0.6
Djerba - Midoun,Médenine,house,2026-01-01,0.25,0.5,1.0,UP,medium,25.0,0.6
Djerba - Midoun,Médenine,commercial,2026-01-01,0.25,0.5,1.0,UP,medium,25.0,0.6
Djerba - Midoun,Médenine,land,2026-01-01,0.25,0.5,1.0,UP,medium,25.0,0.6
Médenine Nord,Médenine,apartment,2026-01-01,0.5,1.0,2.0,UP,medium,25.0,0.6
Médenine Nord,Médenine,house,2026-01-01,0.5,1.0,2.0,UP,medium,25.0,0.6
Médenine Nord,Médenine,commercial,2026-01-01,0.5,1.0,2.0,UP,medium,25.0,0.6
Médenine Nord,Médenine,land,2026-01-01,0.5,1.0,2.0,UP,medium,25.0,0.6
Médenine Sud,Médenine,apartment,2026-01-01,0.0,0.0,0.0,UP,medium,25.0,0.6
Médenine Sud,Médenine,house,2026-01-01,0.0,0.0,0.0,UP,medium,25.0,0.6
Médenine Sud,Médenine,commercial,2026-01-01,0.0,0.0,0.0,UP,medium,25.0,0.6
Médenine Sud,Médenine,land,2026-01-01,0.0,0.0,0.0,UP,medium,25.0,0.6
Sidi Makhlouf,Médenine,apartment,2026-01-01,0.0,0.0,0.0,UP,medium,25.0,0.6
Sidi Makhlouf,Médenine,house,2026-01-01,0.0,0.0,0.0,UP,medium,25.0,0.6
Sidi Makhlouf,Médenine,commercial,2026-01-01,0.0,0.0,0.0,UP,medium,25.0,0.6
Sidi Makhlouf,Médenine,land,2026-01-01,0.0,0.0,0.0,UP,medium,25.0,0.6
Zarzis,Médenine,apartment,2026-01-01,0.0,0.0,0.0,UP,medium,25.0,0.6
Zarzis,Médenine,house,2026-01-01,0.0,0.0,0.0,UP,medium,25.0,0.6
Zarzis,Médenine,commercial,2026-01-01,0.0,0.0,0.0,UP,medium,25.0,0.6
Zarzis,Médenine,land,2026-01-01,0.0,0.0,0.0,UP,medium,25.0,0.6
Bou Argoub,Nabeul,apartment,2026-01-01,0.0,0.0,0.0,UP,medium,25.0,0.6
Bou Argoub,Nabeul,house,2026-01-01,0.0,0.0,0.0,UP,medium,25.0,0.6
Bou Argoub,Nabeul,commercial,2026-01-01,0.0,0.0,0.0,UP,medium,25.0,0.6
Bou Argoub,Nabeul,land,2026-01-01,-0.25,-0.5,-1.0,DOWN,medium,25.0,0.6
Béni Khalled,Nabeul,apartment,2026-01-01,0.0,0.0,0.0,UP,medium,25.0,0.6
Béni Khalled,Nabeul,house,2026-01-01,0.0,0.0,0.0,UP,medium,25.0,0.6
Béni Khalled,Nabeul,commercial,2026-01-01,0.0,0.0,0.0,UP,medium,25.0,0.6
Béni Khalled,Nabeul,land,2026-01-01,0.0,0.0,0.0,UP,medium,25.0,0.6
Béni Khiar,Nabeul,apartment,2026-01-01,0.0,0.0,0.0,UP,medium,25.0,0.6
Béni Khiar,Nabeul,house,2026-01-01,0.0,0.0,0.0,UP,medium,25.0,0.6
Béni Khiar,Nabeul,commercial,2026-01-01,0.0,0.0,0.0,UP,medium,25.0,0.6
Béni Khiar,Nabeul,land,2026-01-01,0.0,0.0,0.0,UP,medium,25.0,0.6
Dar Chaâbane El Fehri,Nabeul,apartment,2026-01-01,0.0,0.0,0.0,UP,medium,25.0,0.6
Dar Chaâbane El Fehri,Nabeul,house,2026-01-01,0.0,0.0,0.0,UP,medium,25.0,0.6
Dar Chaâbane El Fehri,Nabeul,commercial,2026-01-01,0.25,0.5,1.0,UP,medium,25.0,0.6
Dar Chaâbane El Fehri,Nabeul,land,2026-01-01,0.0,0.0,0.0,UP,medium,25.0,0.6
El Haouaria,Nabeul,apartment,2026-01-01,0.0,0.0,0.0,UP,medium,25.0,0.6
El Haouaria,Nabeul,house,2026-01-01,0.0,0.0,0.0,UP,medium,25.0,0.6
El Haouaria,Nabeul,commercial,2026-01-01,0.0,0.0,0.0,UP,medium,25.0,0.6
El Haouaria,Nabeul,land,2026-01-01,0.0,0.0,0.0,UP,medium,25.0,0.6
El Mida,Nabeul,apartment,2026-01-01,0.0,0.0,0.0,UP,medium,25.0,0.6
El Mida,Nabeul,house,2026-01-01,0.0,0.0,0.0,UP,medium,25.0,0.6
El Mida,Nabeul,commercial,2026-01-01,0.0,0.0,0.0,UP,medium,25.0,0.6
El Mida,Nabeul,land,2026-01-01,0.0,0.0,0.0,UP,medium,25.0,0.6
Grombalia,Nabeul,apartment,2026-01-01,-0.25,-0.5,-1.0,DOWN,medium,25.0,0.6
Grombalia,Nabeul,house,2026-01-01,0.0,0.0,0.0,UP,medium,25.0,0.6
Grombalia,Nabeul,commercial,2026-01-01,-0.5,-1.0,-2.0,DOWN,medium,25.0,0.6
Grombalia,Nabeul,land,2026-01-01,-0.25,-0.5,-1.0,DOWN,medium,25.0,0.6
Hammam Ghezèze,Nabeul,apartment,2026-01-01,0.0,0.0,0.0,UP,medium,25.0,0.6
Hammam Ghezèze,Nabeul,house,2026-01-01,0.0,0.0,0.0,UP,medium,25.0,0.6
Hammam Ghezèze,Nabeul,commercial,2026-01-01,0.0,0.0,0.0,UP,medium,25.0,0.6
Hammam Ghezèze,Nabeul,land,2026-01-01,0.0,0.0,0.0,UP,medium,25.0,0.6
Hammamet,Nabeul,apartment,2026-01-01,0.0,0.0,0.0,UP,medium,25.0,0.6
Hammamet,Nabeul,house,2026-01-01,0.0,0.0,0.0,UP,medium,25.0,0.6
Hammamet,Nabeul,commercial,2026-01-01,0.25,0.5,1.0,UP,medium,25.0,0.6
Hammamet,Nabeul,land,2026-01-01,0.0,0.0,0.0,UP,medium,25.0,0.6
Korba,Nabeul,apartment,2026-01-01,0.0,0.0,0.0,UP,medium,25.0,0.6
Korba,Nabeul,house,2026-01-01,0.0,0.0,0.0,UP,medium,25.0,0.6
Korba,Nabeul,commercial,2026-01-01,-0.25,-0.5,-1.0,DOWN,medium,25.0,0.6
Korba,Nabeul,land,2026-01-01,0.0,0.0,0.0,UP,medium,25.0,0.6
Kélibia,Nabeul,apartment,2026-01-01,0.0,0.0,0.0,UP,medium,25.0,0.6
Kélibia,Nabeul,house,2026-01-01,0.0,0.0,0.0,UP,medium,25.0,0.6
Kélibia,Nabeul,commercial,2026-01-01,0.0,0.0,0.0,UP,medium,25.0,0.6
Kélibia,Nabeul,land,2026-01-01,0.0,0.0,0.0,UP,medium,25.0,0.6
Menzel Bouzelfa,Nabeul,apartment,2026-01-01,-0.25,-0.5,-1.0,DOWN,medium,25.0,0.6
Menzel Bouzelfa,Nabeul,house,2026-01-01,0.0,0.0,0.0,UP,medium,25.0,0.6
Menzel Bouzelfa,Nabeul,commercial,2026-01-01,0.0,0.0,0.0,UP,medium,25.0,0.6
Menzel Bouzelfa,Nabeul,land,2026-01-01,-0.5,-1.0,-2.0,DOWN,medium,25.0,0.6
Menzel Temime,Nabeul,apartment,2026-01-01,0.0,0.0,0.0,UP,medium,25.0,0.6
Menzel Temime,Nabeul,house,2026-01-01,0.0,0.0,0.0,UP,medium,25.0,0.6
Menzel Temime,Nabeul,commercial,2026-01-01,0.0,0.0,0.0,UP,medium,25.0,0.6
Menzel Temime,Nabeul,land,2026-01-01,0.0,0.0,0.0,UP,medium,25.0,0.6
Nabeul,Nabeul,apartment,2026-01-01,0.0,0.0,0.0,UP,medium,25.0,0.6
Nabeul,Nabeul,house,2026-01-01,0.25,0.5,1.0,UP,medium,25.0,0.6
Nabeul,Nabeul,commercial,2026-01-01,0.25,0.5,1.0,UP,medium,25.0,0.6
Nabeul,Nabeul,land,2026-01-01,0.0,0.0,0.0,UP,medium,25.0,0.6
Soliman,Nabeul,apartment,2026-01-01,0.0,0.0,0.0,UP,medium,25.0,0.6
Soliman,Nabeul,house,2026-01-01,0.0,0.0,0.0,UP,medium,25.0,0.6
Soliman,Nabeul,commercial,2026-01-01,0.0,0.0,0.0,UP,medium,25.0,0.6
Soliman,Nabeul,land,2026-01-01,0.0,0.0,0.0,UP,medium,25.0,0.6
Takelsa,Nabeul,apartment,2026-01-01,0.0,0.0,0.0,UP,medium,25.0,0.6
Takelsa,Nabeul,house,2026-01-01,0.0,0.0,0.0,UP,medium,25.0,0.6
Takelsa,Nabeul,commercial,2026-01-01,0.0,0.0,0.0,UP,medium,25.0,0.6
Takelsa,Nabeul,land,2026-01-01,0.0,0.0,0.0,UP,medium,25.0,0.6
Agareb,Sfax,apartment,2026-01-01,0.0,0.0,0.0,UP,medium,25.0,0.6
Agareb,Sfax,house,2026-01-01,0.0,0.0,0.0,UP,medium,25.0,0.6
Agareb,Sfax,commercial,2026-01-01,0.0,0.0,0.0,UP,medium,25.0,0.6
Agareb,Sfax,land,2026-01-01,0.0,0.0,0.0,UP,medium,25.0,0.6
Bir Ali Ben Khalifa,Sfax,apartment,2026-01-01,0.0,0.0,0.0,UP,medium,25.0,0.6
Bir Ali Ben Khalifa,Sfax,house,2026-01-01,0.0,0.0,0.0,UP,medium,25.0,0.6
Bir Ali Ben Khalifa,Sfax,commercial,2026-01-01,0.0,0.0,0.0,UP,medium,25.0,0.6
Bir Ali Ben Khalifa,Sfax,land,2026-01-01,0.0,0.0,0.0,UP,medium,25.0,0.6
El Hencha,Sfax,apartment,2026-01-01,0.0,0.0,0.0,UP,medium,25.0,0.6
El Hencha,Sfax,house,2026-01-01,0.0,0.0,0.0,UP,medium,25.0,0.6
El Hencha,Sfax,commercial,2026-01-01,0.0,0.0,0.0,UP,medium,25.0,0.6
El Hencha,Sfax,land,2026-01-01,0.0,0.0,0.0,UP,medium,25.0,0.6
Graïba,Sfax,apartment,2026-01-01,0.0,0.0,0.0,UP,medium,25.0,0.6
Graïba,Sfax,house,2026-01-01,0.0,0.0,0.0,UP,medium,25.0,0.6
Graïba,Sfax,commercial,2026-01-01,0.0,0.0,0.0,UP,medium,25.0,0.6
Graïba,Sfax,land,2026-01-01,0.0,0.0,0.0,UP,medium,25.0,0.6
Jebiniana,Sfax,apartment,2026-01-01,0.0,0.0,0.0,UP,medium,25.0,0.6
Jebiniana,Sfax,house,2026-01-01,0.0,0.0,0.0,UP,medium,25.0,0.6
Jebiniana,Sfax,commercial,2026-01-01,0.0,0.0,0.0,UP,medium,25.0,0.6
Jebiniana,Sfax,land,2026-01-01,0.0,0.0,0.0,UP,medium,25.0,0.6
Kerkennah,Sfax,apartment,2026-01-01,0.0,0.0,0.0,UP,medium,25.0,0.6
Kerkennah,Sfax,house,2026-01-01,0.0,0.0,0.0,UP,medium,25.0,0.6
Kerkennah,Sfax,commercial,2026-01-01,0.0,0.0,0.0,UP,medium,25.0,0.6
Kerkennah,Sfax,land,2026-01-01,0.0,0.0,0.0,UP,medium,25.0,0.6
Mahrès,Sfax,apartment,2026-01-01,0.0,0.0,0.0,UP,medium,25.0,0.6
Mahrès,Sfax,house,2026-01-01,0.0,0.0,0.0,UP,medium,25.0,0.6
Mahrès,Sfax,commercial,2026-01-01,0.0,0.0,0.0,UP,medium,25.0,0.6
Mahrès,Sfax,land,2026-01-01,0.0,0.0,0.0,UP,medium,25.0,0.6
Menzel Chaker,Sfax,apartment,2026-01-01,0.0,0.0,0.0,UP,medium,25.0,0.6
Menzel Chaker,Sfax,house,2026-01-01,0.0,0.0,0.0,UP,medium,25.0,0.6
Menzel Chaker,Sfax,commercial,2026-01-01,0.0,0.0,0.0,UP,medium,25.0,0.6
Menzel Chaker,Sfax,land,2026-01-01,0.0,0.0,0.0,UP,medium,25.0,0.6
Sakiet Eddaïer,Sfax,apartment,2026-01-01,0.0,0.0,0.0,UP,medium,25.0,0.6
Sakiet Eddaïer,Sfax,house,2026-01-01,0.0,0.0,0.0,UP,medium,25.0,0.6
Sakiet Eddaïer,Sfax,commercial,2026-01-01,0.0,0.0,0.0,UP,medium,25.0,0.6
Sakiet Eddaïer,Sfax,land,2026-01-01,0.0,0.0,0.0,UP,medium,25.0,0.6
Sakiet Ezzit,Sfax,apartment,2026-01-01,0.0,0.0,0.0,UP,medium,25.0,0.6
Sakiet Ezzit,Sfax,house,2026-01-01,0.0,0.0,0.0,UP,medium,25.0,0.6
Sakiet Ezzit,Sfax,commercial,2026-01-01,0.0,0.0,0.0,UP,medium,25.0,0.6
Sakiet Ezzit,Sfax,land,2026-01-01,0.0,0.0,0.0,UP,medium,25.0,0.6
Sfax Ouest,Sfax,apartment,2026-01-01,0.0,0.0,0.0,UP,medium,25.0,0.6
Sfax Ouest,Sfax,house,2026-01-01,0.0,0.0,0.0,UP,medium,25.0,0.6
Sfax Ouest,Sfax,commercial,2026-01-01,0.0,0.0,0.0,UP,medium,25.0,0.6
Sfax Ouest,Sfax,land,2026-01-01,0.0,0.0,0.0,UP,medium,25.0,0.6
Sfax Sud,Sfax,apartment,2026-01-01,0.0,0.0,0.0,UP,medium,25.0,0.6
Sfax Sud,Sfax,house,2026-01-01,0.0,0.0,0.0,UP,medium,25.0,0.6
Sfax Sud,Sfax,commercial,2026-01-01,0.0,0.0,0.0,UP,medium,25.0,0.6
Sfax Sud,Sfax,land,2026-01-01,0.0,0.0,0.0,UP,medium,25.0,0.6
Sfax Ville,Sfax,apartment,2026-01-01,0.0,0.0,0.0,UP,medium,25.0,0.6
Sfax Ville,Sfax,house,2026-01-01,0.0,0.0,0.0,UP,medium,25.0,0.6
Sfax Ville,Sfax,commercial,2026-01-01,0.0,0.0,0.0,UP,medium,25.0,0.6
Sfax Ville,Sfax,land,2026-01-01,0.0,0.0,0.0,UP,medium,25.0,0.6
Skhira,Sfax,apartment,2026-01-01,0.0,0.0,0.0,UP,medium,25.0,0.6
Skhira,Sfax,house,2026-01-01,0.0,0.0,0.0,UP,medium,25.0,0.6
Skhira,Sfax,commercial,2026-01-01,0.0,0.0,0.0,UP,medium,25.0,0.6
Skhira,Sfax,land,2026-01-01,0.0,0.0,0.0,UP,medium,25.0,0.6
Thyna,Sfax,apartment,2026-01-01,0.0,0.0,0.0,UP,medium,25.0,0.6
Thyna,Sfax,house,2026-01-01,0.0,0.0,0.0,UP,medium,25.0,0.6
Thyna,Sfax,commercial,2026-01-01,0.0,0.0,0.0,UP,medium,25.0,0.6
Thyna,Sfax,land,2026-01-01,0.0,0.0,0.0,UP,medium,25.0,0.6
Bir El Hafey,Sidi Bouzid,apartment,2026-01-01,0.0,0.0,0.0,UP,medium,25.0,0.6
Bir El Hafey,Sidi Bouzid,house,2026-01-01,0.0,0.0,0.0,UP,medium,25.0,0.6
Bir El Hafey,Sidi Bouzid,commercial,2026-01-01,0.0,0.0,0.0,UP,medium,25.0,0.6
Bir El Hafey,Sidi Bouzid,land,2026-01-01,0.0,0.0,0.0,UP,medium,25.0,0.6
Cebbala Ouled Asker,Sidi Bouzid,apartment,2026-01-01,0.0,0.0,0.0,UP,medium,25.0,0.6
Cebbala Ouled Asker,Sidi Bouzid,house,2026-01-01,0.0,0.0,0.0,UP,medium,25.0,0.6
Cebbala Ouled Asker,Sidi Bouzid,commercial,2026-01-01,0.0,0.0,0.0,UP,medium,25.0,0.6
Cebbala Ouled Asker,Sidi Bouzid,land,2026-01-01,0.0,0.0,0.0,UP,medium,25.0,0.6
Essaïda,Sidi Bouzid,apartment,2026-01-01,0.0,0.0,0.0,UP,medium,25.0,0.6
Essaïda,Sidi Bouzid,house,2026-01-01,0.0,0.0,0.0,UP,medium,25.0,0.6
Essaïda,Sidi Bouzid,commercial,2026-01-01,0.0,0.0,0.0,UP,medium,25.0,0.6
Essaïda,Sidi Bouzid,land,2026-01-01,0.0,0.0,0.0,UP,medium,25.0,0.6
Hichria,Sidi Bouzid,apartment,2026-01-01,0.0,0.0,0.0,UP,medium,25.0,0.6
Hichria,Sidi Bouzid,house,2026-01-01,0.0,0.0,0.0,UP,medium,25.0,0.6
Hichria,Sidi Bouzid,commercial,2026-01-01,0.0,0.0,0.0,UP,medium,25.0,0.6
Hichria,Sidi Bouzid,land,2026-01-01,0.0,0.0,0.0,UP,medium,25.0,0.6
Jilma,Sidi Bouzid,apartment,2026-01-01,0.0,0.0,0.0,UP,medium,25.0,0.6
Jilma,Sidi Bouzid,house,2026-01-01,0.0,0.0,0.0,UP,medium,25.0,0.6
Jilma,Sidi Bouzid,commercial,2026-01-01,0.0,0.0,0.0,UP,medium,25.0,0.6
Jilma,Sidi Bouzid,land,2026-01-01,0.0,0.0,0.0,UP,medium,25.0,0.6
Meknassy,Sidi Bouzid,apartment,2026-01-01,0.0,0.0,0.0,UP,medium,25.0,0.6
Meknassy,Sidi Bouzid,house,2026-01-01,0.0,0.0,0.0,UP,medium,25.0,0.6
Meknassy,Sidi Bouzid,commercial,2026-01-01,0.0,0.0,0.0,UP,medium,25.0,0.6
Meknassy,Sidi Bouzid,land,2026-01-01,0.0,0.0,0.0,UP,medium,25.0,0.6
Menzel Bouzaiane,Sidi Bouzid,apartment,2026-01-01,0.0,0.0,0.0,UP,medium,25.0,0.6
Menzel Bouzaiane,Sidi Bouzid,house,2026-01-01,0.0,0.0,0.0,UP,medium,25.0,0.6
Menzel Bouzaiane,Sidi Bouzid,commercial,2026-01-01,0.0,0.0,0.0,UP,medium,25.0,0.6
Menzel Bouzaiane,Sidi Bouzid,land,2026-01-01,0.0,0.0,0.0,UP,medium,25.0,0.6
Mezzouna,Sidi Bouzid,apartment,2026-01-01,0.0,0.0,0.0,UP,medium,25.0,0.6
Mezzouna,Sidi Bouzid,house,2026-01-01,0.0,0.0,0.0,UP,medium,25.0,0.6
Mezzouna,Sidi Bouzid,commercial,2026-01-01,0.0,0.0,0.0,UP,medium,25.0,0.6
Mezzouna,Sidi Bouzid,land,2026-01-01,0.0,0.0,0.0,UP,medium,25.0,0.6
Ouled Haffouz,Sidi Bouzid,apartment,2026-01-01,0.0,0.0,0.0,UP,medium,25.0,0.6
Ouled Haffouz,Sidi Bouzid,house,2026-01-01,0.0,0.0,0.0,UP,medium,25.0,0.6
Ouled Haffouz,Sidi Bouzid,commercial,2026-01-01,0.0,0.0,0.0,UP,medium,25.0,0.6
Ouled Haffouz,Sidi Bouzid,land,2026-01-01,0.0,0.0,0.0,UP,medium,25.0,0.6
Regueb,Sidi Bouzid,apartment,2026-01-01,0.0,0.0,0.0,UP,medium,25.0,0.6
Regueb,Sidi Bouzid,house,2026-01-01,0.0,0.0,0.0,UP,medium,25.0,0.6
Regueb,Sidi Bouzid,commercial,2026-01-01,0.0,0.0,0.0,UP,medium,25.0,0.6
Regueb,Sidi Bouzid,land,2026-01-01,0.0,0.0,0.0,UP,medium,25.0,0.6
Sidi Ali Ben Aoun,Sidi Bouzid,apartment,2026-01-01,0.0,0.0,0.0,UP,medium,25.0,0.6
Sidi Ali Ben Aoun,Sidi Bouzid,house,2026-01-01,0.0,0.0,0.0,UP,medium,25.0,0.6
Sidi Ali Ben Aoun,Sidi Bouzid,commercial,2026-01-01,0.0,0.0,0.0,UP,medium,25.0,0.6
Sidi Ali Ben Aoun,Sidi Bouzid,land,2026-01-01,0.0,0.0,0.0,UP,medium,25.0,0.6
Sidi Bouzid Est,Sidi Bouzid,apartment,2026-01-01,0.0,0.0,0.0,UP,medium,25.0,0.6
Sidi Bouzid Est,Sidi Bouzid,house,2026-01-01,0.0,0.0,0.0,UP,medium,25.0,0.6
Sidi Bouzid Est,Sidi Bouzid,commercial,2026-01-01,0.0,0.0,0.0,UP,medium,25.0,0.6
Sidi Bouzid Est,Sidi Bouzid,land,2026-01-01,0.0,0.0,0.0,UP,medium,25.0,0.6
Sidi Bouzid Ouest,Sidi Bouzid,apartment,2026-01-01,0.0,0.0,0.0,UP,medium,25.0,0.6
Sidi Bouzid Ouest,Sidi Bouzid,house,2026-01-01,0.0,0.0,0.0,UP,medium,25.0,0.6
Sidi Bouzid Ouest,Sidi Bouzid,commercial,2026-01-01,0.0,0.0,0.0,UP,medium,25.0,0.6
Sidi Bouzid Ouest,Sidi Bouzid,land,2026-01-01,0.0,0.0,0.0,UP,medium,25.0,0.6
Souk Jedid,Sidi Bouzid,apartment,2026-01-01,0.0,0.0,0.0,UP,medium,25.0,0.6
Souk Jedid,Sidi Bouzid,house,2026-01-01,0.0,0.0,0.0,UP,medium,25.0,0.6
Souk Jedid,Sidi Bouzid,commercial,2026-01-01,0.0,0.0,0.0,UP,medium,25.0,0.6
Souk Jedid,Sidi Bouzid,land,2026-01-01,0.0,0.0,0.0,UP,medium,25.0,0.6
Bargou,Siliana,apartment,2026-01-01,0.0,0.0,0.0,UP,medium,25.0,0.6
Bargou,Siliana,house,2026-01-01,0.0,0.0,0.0,UP,medium,25.0,0.6
Bargou,Siliana,commercial,2026-01-01,0.0,0.0,0.0,UP,medium,25.0,0.6
Bargou,Siliana,land,2026-01-01,0.0,0.0,0.0,UP,medium,25.0,0.6
Bou Arada,Siliana,apartment,2026-01-01,0.0,0.0,0.0,UP,medium,25.0,0.6
Bou Arada,Siliana,house,2026-01-01,0.0,0.0,0.0,UP,medium,25.0,0.6
Bou Arada,Siliana,commercial,2026-01-01,0.0,0.0,0.0,UP,medium,25.0,0.6
Bou Arada,Siliana,land,2026-01-01,0.0,0.0,0.0,UP,medium,25.0,0.6
El Aroussa,Siliana,apartment,2026-01-01,0.0,0.0,0.0,UP,medium,25.0,0.6
El Aroussa,Siliana,house,2026-01-01,0.0,0.0,0.0,UP,medium,25.0,0.6
El Aroussa,Siliana,commercial,2026-01-01,0.0,0.0,0.0,UP,medium,25.0,0.6
El Aroussa,Siliana,land,2026-01-01,0.0,0.0,0.0,UP,medium,25.0,0.6
El Krib,Siliana,apartment,2026-01-01,0.0,0.0,0.0,UP,medium,25.0,0.6
El Krib,Siliana,house,2026-01-01,0.0,0.0,0.0,UP,medium,25.0,0.6
El Krib,Siliana,commercial,2026-01-01,0.0,0.0,0.0,UP,medium,25.0,0.6
El Krib,Siliana,land,2026-01-01,0.0,0.0,0.0,UP,medium,25.0,0.6
Gaâfour,Siliana,apartment,2026-01-01,0.0,0.0,0.0,UP,medium,25.0,0.6
Gaâfour,Siliana,house,2026-01-01,0.0,0.0,0.0,UP,medium,25.0,0.6
Gaâfour,Siliana,commercial,2026-01-01,0.0,0.0,0.0,UP,medium,25.0,0.6
Gaâfour,Siliana,land,2026-01-01,0.0,0.0,0.0,UP,medium,25.0,0.6
Kesra,Siliana,apartment,2026-01-01,0.0,0.0,0.0,UP,medium,25.0,0.6
Kesra,Siliana,house,2026-01-01,0.0,0.0,0.0,UP,medium,25.0,0.6
Kesra,Siliana,commercial,2026-01-01,0.0,0.0,0.0,UP,medium,25.0,0.6
Kesra,Siliana,land,2026-01-01,0.0,0.0,0.0,UP,medium,25.0,0.6
Makthar,Siliana,apartment,2026-01-01,0.0,0.0,0.0,UP,medium,25.0,0.6
Makthar,Siliana,house,2026-01-01,0.0,0.0,0.0,UP,medium,25.0,0.6
Makthar,Siliana,commercial,2026-01-01,0.0,0.0,0.0,UP,medium,25.0,0.6
Makthar,Siliana,land,2026-01-01,0.0,0.0,0.0,UP,medium,25.0,0.6
Rouhia,Siliana,apartment,2026-01-01,0.0,0.0,0.0,UP,medium,25.0,0.6
Rouhia,Siliana,house,2026-01-01,0.0,0.0,0.0,UP,medium,25.0,0.6
Rouhia,Siliana,commercial,2026-01-01,0.0,0.0,0.0,UP,medium,25.0,0.6
Rouhia,Siliana,land,2026-01-01,0.0,0.0,0.0,UP,medium,25.0,0.6
Sidi Bou Rouis,Siliana,apartment,2026-01-01,0.0,0.0,0.0,UP,medium,25.0,0.6
Sidi Bou Rouis,Siliana,house,2026-01-01,0.0,0.0,0.0,UP,medium,25.0,0.6
Sidi Bou Rouis,Siliana,commercial,2026-01-01,0.0,0.0,0.0,UP,medium,25.0,0.6
Sidi Bou Rouis,Siliana,land,2026-01-01,0.0,0.0,0.0,UP,medium,25.0,0.6
Siliana Nord,Siliana,apartment,2026-01-01,0.0,0.0,0.0,UP,medium,25.0,0.6
Siliana Nord,Siliana,house,2026-01-01,0.0,0.0,0.0,UP,medium,25.0,0.6
Siliana Nord,Siliana,commercial,2026-01-01,0.0,0.0,0.0,UP,medium,25.0,0.6
Siliana Nord,Siliana,land,2026-01-01,0.0,0.0,0.0,UP,medium,25.0,0.6
Siliana Sud,Siliana,apartment,2026-01-01,0.0,0.0,0.0,UP,medium,25.0,0.6
Siliana Sud,Siliana,house,2026-01-01,0.0,0.0,0.0,UP,medium,25.0,0.6
Siliana Sud,Siliana,commercial,2026-01-01,0.0,0.0,0.0,UP,medium,25.0,0.6
Siliana Sud,Siliana,land,2026-01-01,0.0,0.0,0.0,UP,medium,25.0,0.6
Akouda,Sousse,apartment,2026-01-01,1.75,3.5,7.0,UP,medium,25.0,0.6
Akouda,Sousse,house,2026-01-01,-0.5,-1.0,-2.0,DOWN,medium,25.0,0.6
Akouda,Sousse,commercial,2026-01-01,1.0,2.0,4.0,UP,medium,25.0,0.6
Akouda,Sousse,land,2026-01-01,0.5,1.0,2.0,UP,medium,25.0,0.6
Bouficha,Sousse,apartment,2026-01-01,0.0,0.0,0.0,UP,medium,25.0,0.6
Bouficha,Sousse,house,2026-01-01,0.0,0.0,0.0,UP,medium,25.0,0.6
Bouficha,Sousse,commercial,2026-01-01,0.0,0.0,0.0,UP,medium,25.0,0.6
Bouficha,Sousse,land,2026-01-01,0.0,0.0,0.0,UP,medium,25.0,0.6
Enfida,Sousse,apartment,2026-01-01,0.0,0.0,0.0,UP,medium,25.0,0.6
Enfida,Sousse,house,2026-01-01,0.0,0.0,0.0,UP,medium,25.0,0.6
Enfida,Sousse,commercial,2026-01-01,0.0,0.0,0.0,UP,medium,25.0,0.6
Enfida,Sousse,land,2026-01-01,0.0,0.0,0.0,UP,medium,25.0,0.6
Hammam Sousse,Sousse,apartment,2026-01-01,4.0,8.0,16.0,UP,medium,25.0,0.6
Hammam Sousse,Sousse,house,2026-01-01,1.5,3.0,6.0,UP,medium,25.0,0.6
Hammam Sousse,Sousse,commercial,2026-01-01,2.0,4.0,8.0,UP,medium,25.0,0.6
Hammam Sousse,Sousse,land,2026-01-01,1.5,3.0,6.0,UP,medium,25.0,0.6
Hergla,Sousse,apartment,2026-01-01,3.75,7.5,15.0,UP,medium,25.0,0.6
Hergla,Sousse,house,2026-01-01,1.25,2.5,5.0,UP,medium,25.0,0.6
Hergla,Sousse,commercial,2026-01-01,1.5,3.0,6.0,UP,medium,25.0,0.6
Hergla,Sousse,land,2026-01-01,1.25,2.5,5.0,UP,medium,25.0,0.6
Kalâa Kebira,Sousse,apartment,2026-01-01,0.0,0.0,0.0,UP,medium,25.0,0.6
Kalâa Kebira,Sousse,house,2026-01-01,0.0,0.0,0.0,UP,medium,25.0,0.6
Kalâa Kebira,Sousse,commercial,2026-01-01,0.0,0.0,0.0,UP,medium,25.0,0.6
Kalâa Kebira,Sousse,land,2026-01-01,0.0,0.0,0.0,UP,medium,25.0,0.6
Kalâa Seghira,Sousse,apartment,2026-01-01,0.0,0.0,0.0,UP,medium,25.0,0.6
Kalâa Seghira,Sousse,house,2026-01-01,0.0,0.0,0.0,UP,medium,25.0,0.6
Kalâa Seghira,Sousse,commercial,2026-01-01,0.0,0.0,0.0,UP,medium,25.0,0.6
Kalâa Seghira,Sousse,land,2026-01-01,0.0,0.0,0.0,UP,medium,25.0,0.6
Kondar,Sousse,apartment,2026-01-01,0.0,0.0,0.0,UP,medium,25.0,0.6
Kondar,Sousse,house,2026-01-01,0.0,0.0,0.0,UP,medium,25.0,0.6
Kondar,Sousse,commercial,2026-01-01,0.0,0.0,0.0,UP,medium,25.0,0.6
Kondar,Sousse,land,2026-01-01,0.0,0.0,0.0,UP,medium,25.0,0.6
M'saken,Sousse,apartment,2026-01-01,0.0,0.0,0.0,UP,medium,25.0,0.6
M'saken,Sousse,house,2026-01-01,0.0,0.0,0.0,UP,medium,25.0,0.6
M'saken,Sousse,commercial,2026-01-01,0.0,0.0,0.0,UP,medium,25.0,0.6
M'saken,Sousse,land,2026-01-01,0.0,0.0,0.0,UP,medium,25.0,0.6
Sidi Bou Ali,Sousse,apartment,2026-01-01,0.0,0.0,0.0,UP,medium,25.0,0.6
Sidi Bou Ali,Sousse,house,2026-01-01,0.0,0.0,0.0,UP,medium,25.0,0.6
Sidi Bou Ali,Sousse,commercial,2026-01-01,0.0,0.0,0.0,UP,medium,25.0,0.6
Sidi Bou Ali,Sousse,land,2026-01-01,0.0,0.0,0.0,UP,medium,25.0,0.6
Sidi El Hani,Sousse,apartment,2026-01-01,0.0,0.0,0.0,UP,medium,25.0,0.6
Sidi El Hani,Sousse,house,2026-01-01,0.0,0.0,0.0,UP,medium,25.0,0.6
Sidi El Hani,Sousse,commercial,2026-01-01,0.0,0.0,0.0,UP,medium,25.0,0.6
Sidi El Hani,Sousse,land,2026-01-01,0.0,0.0,0.0,UP,medium,25.0,0.6
Sousse Jawhara,Sousse,apartment,2026-01-01,-1.25,-2.5,-5.0,DOWN,medium,25.0,0.6
Sousse Jawhara,Sousse,house,2026-01-01,-1.25,-2.5,-5.0,DOWN,medium,25.0,0.6
Sousse Jawhara,Sousse,commercial,2026-01-01,-1.25,-2.5,-5.0,DOWN,medium,25.0,0.6
Sousse Jawhara,Sousse,land,2026-01-01,-1.25,-2.5,-5.0,DOWN,medium,25.0,0.6
Sousse Médina,Sousse,apartment,2026-01-01,1.5,3.0,6.0,UP,medium,25.0,0.6
Sousse Médina,Sousse,house,2026-01-01,1.5,3.0,6.0,UP,medium,25.0,0.6
Sousse Médina,Sousse,commercial,2026-01-01,1.75,3.5,7.0,UP,medium,25.0,0.6
Sousse Médina,Sousse,land,2026-01-01,1.25,2.5,5.0,UP,medium,25.0,0.6
Sousse Riadh,Sousse,apartment,2026-01-01,0.0,0.0,0.0,UP,medium,25.0,0.6
Sousse Riadh,Sousse,house,2026-01-01,0.0,0.0,0.0,UP,medium,25.0,0.6
Sousse Riadh,Sousse,commercial,2026-01-01,0.0,0.0,0.0,UP,medium,25.0,0.6
Sousse Riadh,Sousse,land,2026-01-01,0.0,0.0,0.0,UP,medium,25.0,0.6
Sousse Sidi Abdelhamid,Sousse,apartment,2026-01-01,0.0,0.0,0.0,UP,medium,25.0,0.6
Sousse Sidi Abdelhamid,Sousse,house,2026-01-01,0.0,0.0,0.0,UP,medium,25.0,0.6
Sousse Sidi Abdelhamid,Sousse,commercial,2026-01-01,0.0,0.0,0.0,UP,medium,25.0,0.6
Sousse Sidi Abdelhamid,Sousse,land,2026-01-01,0.0,0.0,0.0,UP,medium,25.0,0.6
Zaouiet Ksibet Thrayet,Sousse,apartment,2026-01-01,0.0,0.0,0.0,UP,medium,25.0,0.6
Zaouiet Ksibet Thrayet,Sousse,house,2026-01-01,0.0,0.0,0.0,UP,medium,25.0,0.6
Zaouiet Ksibet Thrayet,Sousse,commercial,2026-01-01,0.0,0.0,0.0,UP,medium,25.0,0.6
Zaouiet Ksibet Thrayet,Sousse,land,2026-01-01,0.0,0.0,0.0,UP,medium,25.0,0.6
Beni Mhira,Tataouine,apartment,2026-01-01,0.0,0.0,0.0,UP,medium,25.0,0.6
Beni Mhira,Tataouine,house,2026-01-01,0.0,0.0,0.0,UP,medium,25.0,0.6
Beni Mhira,Tataouine,commercial,2026-01-01,0.0,0.0,0.0,UP,medium,25.0,0.6
Beni Mhira,Tataouine,land,2026-01-01,0.0,0.0,0.0,UP,medium,25.0,0.6
Bir Lahmar,Tataouine,apartment,2026-01-01,0.0,0.0,0.0,UP,medium,25.0,0.6
Bir Lahmar,Tataouine,house,2026-01-01,0.0,0.0,0.0,UP,medium,25.0,0.6
Bir Lahmar,Tataouine,commercial,2026-01-01,0.0,0.0,0.0,UP,medium,25.0,0.6
Bir Lahmar,Tataouine,land,2026-01-01,0.0,0.0,0.0,UP,medium,25.0,0.6
Dehiba,Tataouine,apartment,2026-01-01,0.0,0.0,0.0,UP,medium,25.0,0.6
Dehiba,Tataouine,house,2026-01-01,0.0,0.0,0.0,UP,medium,25.0,0.6
Dehiba,Tataouine,commercial,2026-01-01,0.0,0.0,0.0,UP,medium,25.0,0.6
Dehiba,Tataouine,land,2026-01-01,0.0,0.0,0.0,UP,medium,25.0,0.6
Ghomrassen,Tataouine,apartment,2026-01-01,0.0,0.0,0.0,UP,medium,25.0,0.6
Ghomrassen,Tataouine,house,2026-01-01,0.0,0.0,0.0,UP,medium,25.0,0.6
Ghomrassen,Tataouine,commercial,2026-01-01,0.0,0.0,0.0,UP,medium,25.0,0.6
Ghomrassen,Tataouine,land,2026-01-01,0.0,0.0,0.0,UP,medium,25.0,0.6
Remada,Tataouine,apartment,2026-01-01,0.0,0.0,0.0,UP,medium,25.0,0.6
Remada,Tataouine,house,2026-01-01,0.0,0.0,0.0,UP,medium,25.0,0.6
Remada,Tataouine,commercial,2026-01-01,0.0,0.0,0.0,UP,medium,25.0,0.6
Remada,Tataouine,land,2026-01-01,0.0,0.0,0.0,UP,medium,25.0,0.6
Smâr,Tataouine,apartment,2026-01-01,0.0,0.0,0.0,UP,medium,25.0,0.6
Smâr,Tataouine,house,2026-01-01,0.0,0.0,0.0,UP,medium,25.0,0.6
Smâr,Tataouine,commercial,2026-01-01,0.0,0.0,0.0,UP,medium,25.0,0.6
Smâr,Tataouine,land,2026-01-01,0.0,0.0,0.0,UP,medium,25.0,0.6
Tataouine Nord,Tataouine,apartment,2026-01-01,0.0,0.0,0.0,UP,medium,25.0,0.6
Tataouine Nord,Tataouine,house,2026-01-01,0.0,0.0,0.0,UP,medium,25.0,0.6
Tataouine Nord,Tataouine,commercial,2026-01-01,0.0,0.0,0.0,UP,medium,25.0,0.6
Tataouine Nord,Tataouine,land,2026-01-01,0.0,0.0,0.0,UP,medium,25.0,0.6
Tataouine Sud,Tataouine,apartment,2026-01-01,0.0,0.0,0.0,UP,medium,25.0,0.6
Tataouine Sud,Tataouine,house,2026-01-01,0.0,0.0,0.0,UP,medium,25.0,0.6
Tataouine Sud,Tataouine,commercial,2026-01-01,0.0,0.0,0.0,UP,medium,25.0,0.6
Tataouine Sud,Tataouine,land,2026-01-01,0.0,0.0,0.0,UP,medium,25.0,0.6
Degache,Tozeur,apartment,2026-01-01,0.0,0.0,0.0,UP,medium,25.0,0.6
Degache,Tozeur,house,2026-01-01,0.0,0.0,0.0,UP,medium,25.0,0.6
Degache,Tozeur,commercial,2026-01-01,0.0,0.0,0.0,UP,medium,25.0,0.6
Degache,Tozeur,land,2026-01-01,0.0,0.0,0.0,UP,medium,25.0,0.6
El Hamma du Jérid,Tozeur,apartment,2026-01-01,0.0,0.0,0.0,UP,medium,25.0,0.6
El Hamma du Jérid,Tozeur,house,2026-01-01,0.0,0.0,0.0,UP,medium,25.0,0.6
El Hamma du Jérid,Tozeur,commercial,2026-01-01,0.0,0.0,0.0,UP,medium,25.0,0.6
El Hamma du Jérid,Tozeur,land,2026-01-01,0.0,0.0,0.0,UP,medium,25.0,0.6
Hazoua,Tozeur,apartment,2026-01-01,0.0,0.0,0.0,UP,medium,25.0,0.6
Hazoua,Tozeur,house,2026-01-01,0.0,0.0,0.0,UP,medium,25.0,0.6
Hazoua,Tozeur,commercial,2026-01-01,0.0,0.0,0.0,UP,medium,25.0,0.6
Hazoua,Tozeur,land,2026-01-01,0.0,0.0,0.0,UP,medium,25.0,0.6
Nefta,Tozeur,apartment,2026-01-01,0.0,0.0,0.0,UP,medium,25.0,0.6
Nefta,Tozeur,house,2026-01-01,0.0,0.0,0.0,UP,medium,25.0,0.6
Nefta,Tozeur,commercial,2026-01-01,0.0,0.0,0.0,UP,medium,25.0,0.6
Nefta,Tozeur,land,2026-01-01,0.0,0.0,0.0,UP,medium,25.0,0.6
Tameghza,Tozeur,apartment,2026-01-01,0.0,0.0,0.0,UP,medium,25.0,0.6
Tameghza,Tozeur,house,2026-01-01,0.0,0.0,0.0,UP,medium,25.0,0.6
Tameghza,Tozeur,commercial,2026-01-01,0.0,0.0,0.0,UP,medium,25.0,0.6
Tameghza,Tozeur,land,2026-01-01,0.0,0.0,0.0,UP,medium,25.0,0.6
Tozeur,Tozeur,apartment,2026-01-01,0.0,0.0,0.0,UP,medium,25.0,0.6
Tozeur,Tozeur,house,2026-01-01,0.0,0.0,0.0,UP,medium,25.0,0.6
Tozeur,Tozeur,commercial,2026-01-01,0.0,0.0,0.0,UP,medium,25.0,0.6
Tozeur,Tozeur,land,2026-01-01,0.0,0.0,0.0,UP,medium,25.0,0.6
Bab El Bhar,Tunis,apartment,2026-01-01,0.25,0.5,1.0,UP,medium,25.0,0.6
Bab El Bhar,Tunis,house,2026-01-01,0.25,0.5,1.0,UP,medium,25.0,0.6
Bab El Bhar,Tunis,commercial,2026-01-01,0.25,0.5,1.0,UP,medium,25.0,0.6
Bab El Bhar,Tunis,land,2026-01-01,0.25,0.5,1.0,UP,medium,25.0,0.6
Bab Souika,Tunis,apartment,2026-01-01,0.5,1.0,2.0,UP,medium,25.0,0.6
Bab Souika,Tunis,house,2026-01-01,0.5,1.0,2.0,UP,medium,25.0,0.6
Bab Souika,Tunis,commercial,2026-01-01,0.75,1.5,3.0,UP,medium,25.0,0.6
Bab Souika,Tunis,land,2026-01-01,0.5,1.0,2.0,UP,medium,25.0,0.6
Carthage,Tunis,apartment,2026-01-01,2.75,5.5,11.0,UP,medium,25.0,0.6
Carthage,Tunis,house,2026-01-01,2.75,5.5,11.0,UP,medium,25.0,0.6
Carthage,Tunis,commercial,2026-01-01,2.5,5.0,10.0,UP,medium,25.0,0.6
Carthage,Tunis,land,2026-01-01,2.75,5.5,11.0,UP,medium,25.0,0.6
Cité El Khadra,Tunis,apartment,2026-01-01,-2.25,-4.5,-9.0,DOWN,medium,25.0,0.6
Cité El Khadra,Tunis,house,2026-01-01,-2.25,-4.5,-9.0,DOWN,medium,25.0,0.6
Cité El Khadra,Tunis,commercial,2026-01-01,-2.25,-4.5,-9.0,DOWN,medium,25.0,0.6
Cité El Khadra,Tunis,land,2026-01-01,-2.25,-4.5,-9.0,DOWN,medium,25.0,0.6
Djebel Jelloud,Tunis,apartment,2026-01-01,0.0,0.0,0.0,UP,medium,25.0,0.6
Djebel Jelloud,Tunis,house,2026-01-01,0.0,0.0,0.0,UP,medium,25.0,0.6
Djebel Jelloud,Tunis,commercial,2026-01-01,0.0,0.0,0.0,UP,medium,25.0,0.6
Djebel Jelloud,Tunis,land,2026-01-01,0.0,0.0,0.0,UP,medium,25.0,0.6
El Kabaria,Tunis,apartment,2026-01-01,0.0,0.0,0.0,UP,medium,25.0,0.6
El Kabaria,Tunis,house,2026-01-01,0.0,0.0,0.0,UP,medium,25.0,0.6
El Kabaria,Tunis,commercial,2026-01-01,0.0,0.0,0.0,UP,medium,25.0,0.6
El Kabaria,Tunis,land,2026-01-01,0.0,0.0,0.0,UP,medium,25.0,0.6
El Menzah,Tunis,apartment,2026-01-01,0.5,1.0,2.0,UP,medium,25.0,0.6
El Menzah,Tunis,house,2026-01-01,0.5,1.0,2.0,UP,medium,25.0,0.6
El Menzah,Tunis,commercial,2026-01-01,0.5,1.0,2.0,UP,medium,25.0,0.6
El Menzah,Tunis,land,2026-01-01,0.5,1.0,2.0,UP,medium,25.0,0.6
El Omrane,Tunis,apartment,2026-01-01,0.0,0.0,0.0,UP,medium,25.0,0.6
El Omrane,Tunis,house,2026-01-01,0.0,0.0,0.0,UP,medium,25.0,0.6
El Omrane,Tunis,commercial,2026-01-01,0.0,0.0,0.0,UP,medium,25.0,0.6
El Omrane,Tunis,land,2026-01-01,0.0,0.0,0.0,UP,medium,25.0,0.6
El Omrane supérieur,Tunis,apartment,2026-01-01,0.25,0.5,1.0,UP,medium,25.0,0.6
El Omrane supérieur,Tunis,house,2026-01-01,0.25,0.5,1.0,UP,medium,25.0,0.6
El Omrane supérieur,Tunis,commercial,2026-01-01,0.25,0.5,1.0,UP,medium,25.0,0.6
El Omrane supérieur,Tunis,land,2026-01-01,0.25,0.5,1.0,UP,medium,25.0,0.6
El Ouardia,Tunis,apartment,2026-01-01,0.5,1.0,2.0,UP,medium,25.0,0.6
El Ouardia,Tunis,house,2026-01-01,0.5,1.0,2.0,UP,medium,25.0,0.6
El Ouardia,Tunis,commercial,2026-01-01,0.5,1.0,2.0,UP,medium,25.0,0.6
El Ouardia,Tunis,land,2026-01-01,0.5,1.0,2.0,UP,medium,25.0,0.6
Ettahrir,Tunis,apartment,2026-01-01,0.0,0.0,0.0,UP,medium,25.0,0.6
Ettahrir,Tunis,house,2026-01-01,0.0,0.0,0.0,UP,medium,25.0,0.6
Ettahrir,Tunis,commercial,2026-01-01,0.0,0.0,0.0,UP,medium,25.0,0.6
Ettahrir,Tunis,land,2026-01-01,0.0,0.0,0.0,UP,medium,25.0,0.6
Ezzouhour,Tunis,apartment,2026-01-01,0.0,0.0,0.0,UP,medium,25.0,0.6
Ezzouhour,Tunis,house,2026-01-01,0.0,0.0,0.0,UP,medium,25.0,0.6
Ezzouhour,Tunis,commercial,2026-01-01,0.0,0.0,0.0,UP,medium,25.0,0.6
Ezzouhour,Tunis,land,2026-01-01,0.0,0.0,0.0,UP,medium,25.0,0.6
Hraïria,Tunis,apartment,2026-01-01,0.75,1.5,3.0,UP,medium,25.0,0.6
Hraïria,Tunis,house,2026-01-01,0.75,1.5,3.0,UP,medium,25.0,0.6
Hraïria,Tunis,commercial,2026-01-01,0.5,1.0,2.0,UP,medium,25.0,0.6
Hraïria,Tunis,land,2026-01-01,0.75,1.5,3.0,UP,medium,25.0,0.6
La Goulette,Tunis,apartment,2026-01-01,0.75,1.5,3.0,UP,medium,25.0,0.6
La Goulette,Tunis,house,2026-01-01,0.75,1.5,3.0,UP,medium,25.0,0.6
La Goulette,Tunis,commercial,2026-01-01,0.75,1.5,3.0,UP,medium,25.0,0.6
La Goulette,Tunis,land,2026-01-01,0.75,1.5,3.0,UP,medium,25.0,0.6
La Marsa,Tunis,apartment,2026-01-01,1.0,2.0,4.0,UP,medium,25.0,0.6
La Marsa,Tunis,house,2026-01-01,1.25,2.5,5.0,UP,medium,25.0,0.6
La Marsa,Tunis,commercial,2026-01-01,0.75,1.5,3.0,UP,medium,25.0,0.6
La Marsa,Tunis,land,2026-01-01,1.0,2.0,4.0,UP,medium,25.0,0.6
Le Bardo,Tunis,apartment,2026-01-01,-0.25,-0.5,-1.0,DOWN,medium,25.0,0.6
Le Bardo,Tunis,house,2026-01-01,-0.25,-0.5,-1.0,DOWN,medium,25.0,0.6
Le Bardo,Tunis,commercial,2026-01-01,-0.25,-0.5,-1.0,DOWN,medium,25.0,0.6
Le Bardo,Tunis,land,2026-01-01,-0.25,-0.5,-1.0,DOWN,medium,25.0,0.6
Le Kram,Tunis,apartment,2026-01-01,1.5,3.0,6.0,UP,medium,25.0,0.6
Le Kram,Tunis,house,2026-01-01,1.0,2.0,4.0,UP,medium,25.0,0.6
Le Kram,Tunis,commercial,2026-01-01,1.25,2.5,5.0,UP,medium,25.0,0.6
Le Kram,Tunis,land,2026-01-01,1.25,2.5,5.0,UP,medium,25.0,0.6
Médina,Tunis,apartment,2026-01-01,-0.5,-1.0,-2.0,DOWN,medium,25.0,0.6
Médina,Tunis,house,2026-01-01,-0.5,-1.0,-2.0,DOWN,medium,25.0,0.6
Médina,Tunis,commercial,2026-01-01,-0.5,-1.0,-2.0,DOWN,medium,25.0,0.6
Médina,Tunis,land,2026-01-01,-0.5,-1.0,-2.0,DOWN,medium,25.0,0.6
Sidi El Béchir,Tunis,apartment,2026-01-01,0.25,0.5,1.0,UP,medium,25.0,0.6
Sidi El Béchir,Tunis,house,2026-01-01,0.25,0.5,1.0,UP,medium,25.0,0.6
Sidi El Béchir,Tunis,commercial,2026-01-01,0.25,0.5,1.0,UP,medium,25.0,0.6
Sidi El Béchir,Tunis,land,2026-01-01,0.25,0.5,1.0,UP,medium,25.0,0.6
Sidi Hassine,Tunis,apartment,2026-01-01,0.5,1.0,2.0,UP,medium,25.0,0.6
Sidi Hassine,Tunis,house,2026-01-01,0.5,1.0,2.0,UP,medium,25.0,0.6
Sidi Hassine,Tunis,commercial,2026-01-01,0.0,0.0,0.0,UP,medium,25.0,0.6
Sidi Hassine,Tunis,land,2026-01-01,0.5,1.0,2.0,UP,medium,25.0,0.6
Séjoumi,Tunis,apartment,2026-01-01,-0.25,-0.5,-1.0,DOWN,medium,25.0,0.6
Séjoumi,Tunis,house,2026-01-01,-0.25,-0.5,-1.0,DOWN,medium,25.0,0.6
Séjoumi,Tunis,commercial,2026-01-01,-0.25,-0.5,-1.0,DOWN,medium,25.0,0.6
Séjoumi,Tunis,land,2026-01-01,-0.25,-0.5,-1.0,DOWN,medium,25.0,0.6
Bir Mcherga,Zaghouan,apartment,2026-01-01,0.0,0.0,0.0,UP,medium,25.0,0.6
Bir Mcherga,Zaghouan,house,2026-01-01,0.0,0.0,0.0,UP,medium,25.0,0.6
Bir Mcherga,Zaghouan,commercial,2026-01-01,0.0,0.0,0.0,UP,medium,25.0,0.6
Bir Mcherga,Zaghouan,land,2026-01-01,0.0,0.0,0.0,UP,medium,25.0,0.6
El Fahs,Zaghouan,apartment,2026-01-01,0.0,0.0,0.0,UP,medium,25.0,0.6
El Fahs,Zaghouan,house,2026-01-01,0.0,0.0,0.0,UP,medium,25.0,0.6
El Fahs,Zaghouan,commercial,2026-01-01,0.0,0.0,0.0,UP,medium,25.0,0.6
El Fahs,Zaghouan,land,2026-01-01,0.0,0.0,0.0,UP,medium,25.0,0.6
Nadhour,Zaghouan,apartment,2026-01-01,0.0,0.0,0.0,UP,medium,25.0,0.6
Nadhour,Zaghouan,house,2026-01-01,0.0,0.0,0.0,UP,medium,25.0,0.6
Nadhour,Zaghouan,commercial,2026-01-01,0.0,0.0,0.0,UP,medium,25.0,0.6
Nadhour,Zaghouan,land,2026-01-01,0.25,0.5,1.0,UP,medium,25.0,0.6
Saouaf,Zaghouan,apartment,2026-01-01,0.25,0.5,1.0,UP,medium,25.0,0.6
Saouaf,Zaghouan,house,2026-01-01,0.25,0.5,1.0,UP,medium,25.0,0.6
Saouaf,Zaghouan,commercial,2026-01-01,0.0,0.0,0.0,UP,medium,25.0,0.6
Saouaf,Zaghouan,land,2026-01-01,0.25,0.5,1.0,UP,medium,25.0,0.6
Zaghouan,Zaghouan,apartment,2026-01-01,0.25,0.5,1.0,UP,medium,25.0,0.6
Zaghouan,Zaghouan,house,2026-01-01,0.25,0.5,1.0,UP,medium,25.0,0.6
Zaghouan,Zaghouan,commercial,2026-01-01,0.25,0.5,1.0,UP,medium,25.0,0.6
Zaghouan,Zaghouan,land,2026-01-01,0.25,0.5,1.0,UP,medium,25.0,0.6
Zriba,Zaghouan,apartment,2026-01-01,0.0,0.0,0.0,UP,medium,25.0,0.6
Zriba,Zaghouan,house,2026-01-01,0.0,0.0,0.0,UP,medium,25.0,0.6
Zriba,Zaghouan,commercial,2026-01-01,0.0,0.0,0.0,UP,medium,25.0,0.6
Zriba,Zaghouan,land,2026-01-01,0.0,0.0,0.0,UP,medium,25.0,0.6
