# Indice des prix de l'immobilier (IPIM), Statistiques Tunisie (INS), base 2015 = 100, quarterly.
# Source: https://www.ins.tn/sites/default/files-ftp3/files/publication/pdf/IPIM_T4_2025.xlsx
# (release "Indice des Prix de l'Immobilier, Quatrième Trimestre 2025", 2026-08-11); computed by INS from
# the tax administration's register of property sales. Columns: land = terrains à usage d'habitation,
# built = all built residential, apartment, house. Downloaded 2026-10-01; values rounded to 4 decimals.
year,quarter,land,built,apartment,house
2000,1,39.9088,31.1002,29.8439,32.2344
2000,2,39.4143,30.3533,27.9689,32.9399
2000,3,40.392,32.6359,28.6514,37.232
2000,4,41.8864,31.1935,28.1732,34.5799
2001,1,38.3045,31.6574,31.1022,31.8007
2001,2,42.178,33.6369,30.6168,34.2931
2001,3,40.8996,31.1183,28.131,32.6106
2001,4,42.7516,34.0604,32.6769,36.7504
2002,1,42.3086,33.8127,32.5122,36.3703
2002,2,42.3993,35.8593,35.0888,37.6298
2002,3,43.779,33.9195,32.6963,36.3592
2002,4,44.658,37.2427,35.6043,40.3784
2003,1,44.8273,32.9258,31.036,36.5486
2003,2,45.7145,35.1231,33.0755,39.0489
2003,3,48.4517,33.4901,32.4329,35.5077
2003,4,50.9034,34.3032,32.7597,37.2579
2004,1,48.4544,35.2043,33.9306,37.6232
2004,2,50.5939,38.1625,36.5105,41.3209
2004,3,50.9125,37.4738,37.5347,37.2484
2004,4,51.5324,38.5926,37.5751,40.4957
2005,1,54.1136,36.1643,35.6265,37.2423
2005,2,51.9005,36.7169,36.3527,37.5028
2005,3,52.2564,37.9223,36.2288,40.9692
2005,4,55.5973,38.8931,37.5025,41.4304
2006,1,50.2131,39.8102,41.2689,38.0145
2006,2,51.8152,41.2114,41.5838,41.0865
2006,3,55.228,39.5989,40.0987,39.2625
2006,4,58.7522,44.1296,43.1687,46.0682
2007,1,57.3269,41.8307,39.2041,46.5158
2007,2,59.8573,43.0946,40.6809,47.4361
2007,3,60.9061,47.398,45.3396,51.1834
2007,4,61.8566,50.8952,50.8353,51.3916
2008,1,59.9856,49.6234,49.1406,50.8539
2008,2,65.5868,51.8851,52.2538,51.6348
2008,3,67.6796,54.1024,53.324,55.8874
2008,4,68.1419,53.9754,54.6629,53.18
2009,1,68.2421,57.2627,54.8726,61.3926
2009,2,68.6136,59.6839,59.1122,60.9279
2009,3,68.6148,61.0867,61.9119,60.1117
2009,4,70.0192,58.0108,55.7556,61.9298
2010,1,70.8371,57.7304,57.5441,58.0113
2010,2,72.7895,63.9207,64.8408,62.2508
2010,3,75.5309,64.0145,64.6756,62.8002
2010,4,78.4841,64.3002,64.0074,64.7632
2011,1,72.9747,63.0182,63.7215,61.798
2011,2,73.0285,69.6274,71.5461,66.3494
2011,3,72.7132,67.2919,69.1008,64.2008
2011,4,75.4831,70.7691,71.2814,69.868
2012,1,79.0088,73.3605,74.873,70.6995
2012,2,79.5689,74.655,74.8143,74.3749
2012,3,82.7969,74.2849,74.9737,73.0733
2012,4,83.8653,77.1454,78.0133,75.6187
2013,1,83.5712,79.0629,81.4519,74.5489
2013,2,83.8621,80.0349,79.9657,80.358
2013,3,87.443,79.8835,77.9142,83.9434
2013,4,85.7669,84.5925,86.5973,80.8471
2014,1,89.417,85.4268,79.8541,96.6596
2014,2,92.287,91.0187,92.6531,88.0219
2014,3,97.0853,90.7567,89.5933,93.2889
2014,4,94.3706,94.7787,93.7686,97.0179
2015,1,96.7576,97.0575,98.2883,94.329
2015,2,101.1878,104.0604,105.1719,101.5964
2015,3,99.8775,103.496,102.806,105.0257
2015,4,102.1771,95.386,93.7339,99.0489
2016,1,102.0305,101.1665,101.5537,99.4939
2016,2,109.2322,110.5002,110.4477,109.9079
2016,3,108.3768,111.2813,112.4127,107.6088
2016,4,108.0564,116.8152,117.5776,114.0647
2017,1,108.3073,113.5222,114.6298,109.8638
2017,2,118.3418,121.3998,118.8723,127.4621
2017,3,115.5835,113.3034,112.893,113.7253
2017,4,121.1904,124.8728,125.663,121.9991
2018,1,118.7384,119.9648,120.6217,117.464
2018,2,119.789,128.6015,131.125,121.2963
2018,3,121.5139,121.2623,123.7494,114.1004
2018,4,121.1044,125.899,126.9472,122.3625
2019,1,123.676,131.3164,133.3953,125.0178
2019,2,128.4788,138.0944,138.8543,135.2473
2019,3,122.89,135.6125,140.6529,121.4458
2019,4,125.9152,132.9841,137.2443,120.8993
2020,1,130.6785,136.2916,138.2187,130.4118
2020,2,126.828,132.6693,135.831,123.5162
2020,3,129.7257,140.1238,143.2154,131.1172
2020,4,139.7808,146.4008,148.726,139.4044
2021,1,141.9775,145.6809,148.8007,136.5277
2021,2,150.7392,152.2969,155.1049,143.9608
2021,3,149.1705,146.0154,150.8629,132.1648
2021,4,152.753,145.2569,148.4844,135.8131
2022,1,154.4669,153.6235,155.0674,148.7107
2022,2,161.4818,158.4159,160.6263,151.4908
2022,3,164.9261,157.1946,161.8555,143.9646
2022,4,169.0101,163.3696,170.7889,142.9841
2023,1,167.1526,171.0373,178.2297,150.925
2023,2,169.0895,166.2048,167.2758,159.3201
2023,3,167.9276,166.6072,165.1515,165.1161
2023,4,181.3602,171.426,173.3528,162.5663
2024,1,177.5774,178.1759,178.9342,171.8711
2024,2,188.1116,175.9238,180.2611,161.3247
2024,3,183.5794,176.3998,176.6791,175.7265
2024,4,188.1429,177.0867,177.4922,176.1093
2025,1,192.7064,178.7724,179.7185,176.4921
2025,2,191.2168,184.399,186.9492,178.2521
2025,3,191.9616,186.5181,188.1321,182.6277
2025,4,195.5547,187.0585,187.5407,185.8963
