segment,lat,lon,place
mainland,36.957,8.758,Tabarka
mainland,37.030,8.850,
mainland,37.100,8.920,Cap Negro
mainland,37.170,9.100,Sidi Mechreg
mainland,37.232,9.220,Cap Serrat
mainland,37.250,9.450,
mainland,37.280,9.700,
mainland,37.339,9.853,Cap Blanc
mainland,37.274,9.873,Bizerte
mainland,37.250,10.000,
mainland,37.230,10.120,Ras Jebel coast
mainland,37.180,10.280,Cap Farina
mainland,37.170,10.190,Ghar El Melh
mainland,37.060,10.200,Utique coast
mainland,36.950,10.230,Raoued beach
mainland,36.920,10.290,Gammarth
mainland,36.880,10.330,La Marsa
mainland,36.870,10.350,Sidi Bou Said
mainland,36.850,10.330,Carthage
mainland,36.830,10.310,Le Kram
mainland,36.810,10.310,La Goulette
mainland,36.770,10.290,Radès
mainland,36.740,10.310,Ezzahra
mainland,36.730,10.340,Hammam Lif
mainland,36.700,10.400,Borj Cedria
mainland,36.720,10.470,Soliman plage
mainland,36.770,10.550,Sidi Rais
mainland,36.820,10.570,Korbous
mainland,36.930,10.800,
mainland,37.020,10.910,Sidi Daoud
mainland,37.050,11.010,El Haouaria
mainland,37.080,11.050,Cap Bon
mainland,36.950,11.100,
mainland,36.850,11.110,Kelibia
mainland,36.780,11.020,Menzel Temime
mainland,36.570,10.870,Korba
mainland,36.470,10.790,Beni Khiar
mainland,36.450,10.740,Nabeul
mainland,36.400,10.620,Hammamet
mainland,36.370,10.550,Yasmine Hammamet
mainland,36.300,10.480,Bouficha coast
mainland,36.160,10.490,
mainland,36.030,10.510,Hergla
mainland,35.920,10.560,Chott Meriem
mainland,35.830,10.640,Sousse
mainland,35.770,10.830,Monastir
mainland,35.680,10.840,Ksibet el-Mediouni
mainland,35.640,10.960,Teboulba
mainland,35.620,11.000,Bekalta
mainland,35.500,11.070,Mahdia
mainland,35.390,11.040,Salakta
mainland,35.240,11.120,Chebba
mainland,35.000,10.980,Jebiniana coast
mainland,34.850,10.880,
mainland,34.740,10.760,Sfax
mainland,34.670,10.700,Thyna
mainland,34.530,10.500,Mahares
mainland,34.300,10.070,Skhira
mainland,34.050,10.030,
mainland,33.890,10.100,Gabès
mainland,33.670,10.360,Zarat
mainland,33.720,10.730,Jorf
mainland,33.600,10.950,
mainland,33.500,11.110,Zarzis
mainland,33.200,11.370,Ben Guerdane coast
mainland,33.170,11.560,Ras Jedir
djerba,33.880,10.850,Houmt Souk
djerba,33.830,11.020,
djerba,33.720,11.050,Aghir
djerba,33.660,10.940,
djerba,33.700,10.750,Ajim
djerba,33.800,10.720,
djerba,33.880,10.850,Houmt Souk
kerkennah,34.720,11.260,
kerkennah,34.800,11.300,
kerkennah,34.660,11.100,
kerkennah,34.720,11.260,
